,CVE ID,REFER TO COMMIT,REFER TO ISSUE,REFER TO RELEASE,REFER TO ADVISORY,REFER TO PULL,REFER TO HUNTR
0,CVE-2022-1201,1,0,0,0,0,1
1,CVE-2022-1191,1,0,0,0,0,1
2,CVE-2022-1176,1,0,0,0,0,1
3,CVE-2022-1160,1,0,0,0,0,1
4,CVE-2022-1172,1,0,0,0,0,1
5,CVE-2022-1155,1,0,0,0,0,1
6,CVE-2022-1154,1,0,0,0,0,1
7,CVE-2022-1181,1,0,0,0,0,1
8,CVE-2022-1106,1,0,0,0,0,1
9,CVE-2022-1071,1,0,0,0,0,1
10,CVE-2022-1064,1,0,0,0,0,1
11,CVE-2022-1061,1,0,0,0,0,1
12,CVE-2022-1058,1,0,0,0,0,1
13,CVE-2022-1180,1,0,0,0,0,1
14,CVE-2022-1179,1,0,0,0,0,1
15,CVE-2022-1052,1,0,0,0,0,1
16,CVE-2022-1036,1,0,0,0,0,1
17,CVE-2022-1034,1,0,0,0,0,1
18,CVE-2022-1033,1,0,0,0,0,1
19,CVE-2022-1032,1,0,0,0,0,1
20,CVE-2022-1031,1,0,0,0,0,1
21,CVE-2022-1177,1,0,0,0,0,1
22,CVE-2022-1178,1,0,0,0,0,1
23,CVE-2022-1035,1,0,0,0,0,1
24,CVE-2022-1049,0,0,0,0,0,1
25,CVE-2022-0986,1,0,0,0,0,1
26,CVE-2022-0970,1,0,0,0,0,1
27,CVE-2022-0968,1,0,0,0,0,1
28,CVE-2022-0967,1,0,0,0,0,1
29,CVE-2022-0966,1,0,0,0,0,1
30,CVE-2022-0965,1,0,0,0,0,1
31,CVE-2022-0964,1,0,0,0,0,1
32,CVE-2022-0963,1,0,0,0,0,1
33,CVE-2022-0962,1,0,0,0,0,1
34,CVE-2022-0961,1,0,0,0,0,1
35,CVE-2022-0960,1,0,0,0,0,1
36,CVE-2022-0957,1,0,0,0,0,1
37,CVE-2022-0956,1,0,0,0,0,1
38,CVE-2022-0954,1,0,0,0,0,1
39,CVE-2022-0951,1,0,0,0,0,1
40,CVE-2022-0950,1,0,0,0,0,1
41,CVE-2022-0946,1,0,0,0,0,1
42,CVE-2022-0945,1,0,0,0,0,1
43,CVE-2022-0944,1,0,0,0,0,1
44,CVE-2022-0943,1,0,0,0,0,1
45,CVE-2022-0942,1,0,0,0,0,1
46,CVE-2022-0941,1,0,0,0,0,1
47,CVE-2022-0940,1,0,0,0,0,1
48,CVE-2022-0938,1,0,0,0,0,1
49,CVE-2022-0937,1,0,0,0,0,1
50,CVE-2022-24761,1,0,1,1,0,0
51,CVE-2022-0991,1,0,0,0,0,1
52,CVE-2022-0415,1,0,0,0,0,1
53,CVE-2022-0930,1,0,0,0,0,1
54,CVE-2022-0929,1,0,0,0,0,1
55,CVE-2022-0928,1,0,0,0,0,1
56,CVE-2022-0926,1,0,0,0,0,1
57,CVE-2022-0921,1,0,0,0,0,1
58,CVE-2022-0913,1,0,0,0,0,1
59,CVE-2022-0912,1,0,0,0,0,1
60,CVE-2022-0911,1,0,0,0,0,1
61,CVE-2022-24755,0,0,0,1,1,1
62,CVE-2022-1000,1,0,0,0,0,1
63,CVE-2022-0906,1,0,0,0,0,1
64,CVE-2022-0905,1,0,0,0,0,1
65,CVE-2022-0896,1,0,0,0,0,1
66,CVE-2022-0895,1,0,0,0,0,1
67,CVE-2022-0894,1,0,0,0,0,1
68,CVE-2022-0893,1,0,0,0,0,1
69,CVE-2022-0955,1,0,0,0,0,1
70,CVE-2022-0890,1,0,0,0,0,1
71,CVE-2022-1163,1,0,0,0,0,1
72,CVE-2022-0881,1,0,0,0,0,1
73,CVE-2022-0880,1,0,0,0,0,1
74,CVE-2022-0877,1,0,0,0,0,1
75,CVE-2022-0871,1,0,0,0,0,1
76,CVE-2022-0870,1,0,0,0,0,1
77,CVE-2022-0868,1,0,0,0,0,1
78,CVE-2022-0860,1,0,0,0,0,1
79,CVE-2022-0849,1,0,0,0,0,1
80,CVE-2022-0845,1,0,0,0,0,1
81,CVE-2022-0839,1,0,0,0,0,1
82,CVE-2022-24723,1,0,1,1,0,1
83,CVE-2022-0838,1,0,0,0,0,1
84,CVE-2022-0832,1,0,0,0,0,1
85,CVE-2022-0831,1,0,0,0,0,1
86,CVE-2022-0841,1,0,0,0,0,1
87,CVE-2022-0822,1,0,0,0,0,1
88,CVE-2022-0821,1,0,0,0,0,1
89,CVE-2022-0820,1,0,0,0,0,1
90,CVE-2022-0848,1,0,0,0,0,1
91,CVE-2022-0855,1,0,0,0,0,1
92,CVE-2022-0819,1,0,0,0,0,1
93,CVE-2022-0777,1,0,0,0,0,1
94,CVE-2022-0776,1,0,0,0,0,1
95,CVE-2022-0772,1,0,0,0,0,1
96,CVE-2022-0768,1,0,0,0,0,1
97,CVE-2022-0767,1,0,0,0,0,1
98,CVE-2022-0766,1,0,0,0,0,1
99,CVE-2022-0764,1,0,0,0,0,1
100,CVE-2022-0763,1,0,0,0,0,1
101,CVE-2022-0762,1,0,0,0,0,1
102,CVE-2022-0753,1,0,0,0,0,1
103,CVE-2022-0752,1,0,0,0,0,1
104,CVE-2022-0746,1,0,0,0,0,1
105,CVE-2022-0743,1,0,0,0,0,1
106,CVE-2022-0695,1,0,0,0,0,1
107,CVE-2022-0736,1,0,0,0,0,1
108,CVE-2022-0869,1,0,0,0,0,1
109,CVE-2022-0731,1,0,0,0,0,1
110,CVE-2022-0729,1,0,0,0,0,1
111,CVE-2022-0727,1,0,0,0,0,1
112,CVE-2022-0726,1,0,0,0,0,1
113,CVE-2022-0724,1,0,0,0,0,1
114,CVE-2022-0723,1,0,0,0,0,1
115,CVE-2022-0721,1,0,0,0,0,1
116,CVE-2022-0719,1,0,0,0,0,1
117,CVE-2022-0717,1,0,0,0,0,1
118,CVE-2022-0714,1,0,0,0,0,1
119,CVE-2022-0713,1,0,0,0,0,1
120,CVE-2022-0712,1,0,0,0,0,1
121,CVE-2022-0705,1,0,0,0,0,1
122,CVE-2022-0704,1,0,0,0,0,1
123,CVE-2022-0697,1,0,0,0,0,1
124,CVE-2022-0824,1,0,0,0,0,1
125,CVE-2022-0696,1,0,0,0,0,1
126,CVE-2022-0476,1,0,0,0,0,1
127,CVE-2022-0692,1,0,0,0,0,1
128,CVE-2022-0691,1,0,0,0,0,1
129,CVE-2022-0829,1,0,0,0,0,1
130,CVE-2022-0690,1,0,0,0,0,1
131,CVE-2022-0689,1,0,0,0,0,1
132,CVE-2022-0688,1,0,0,0,0,1
133,CVE-2022-0686,1,0,0,0,0,1
134,CVE-2022-0685,1,0,0,0,0,1
135,CVE-2022-0754,1,0,0,0,0,1
136,CVE-2022-0755,1,0,0,0,0,1
137,CVE-2022-0756,1,0,0,0,0,1
138,CVE-2022-0678,1,0,0,0,0,1
139,CVE-2022-0676,1,0,0,0,0,1
140,CVE-2022-0666,1,0,0,0,0,1
141,CVE-2022-0665,1,0,0,0,0,1
142,CVE-2022-0664,1,0,0,0,0,1
143,CVE-2022-0660,1,0,0,0,0,1
144,CVE-2022-0654,1,0,0,0,0,1
145,CVE-2021-3967,1,0,0,0,0,1
146,CVE-2022-0639,1,0,0,0,0,1
147,CVE-2022-0638,1,0,0,0,0,1
148,CVE-2022-0632,1,0,0,0,0,1
149,CVE-2022-0631,1,0,0,0,0,1
150,CVE-2022-0630,1,0,0,0,0,1
151,CVE-2022-0629,1,0,0,0,0,1
152,CVE-2022-0623,1,0,0,0,0,1
153,CVE-2022-0622,1,0,0,0,0,1
154,CVE-2022-0614,1,0,0,0,0,1
155,CVE-2022-0613,1,0,0,0,0,1
156,CVE-2022-0612,1,0,0,0,0,1
157,CVE-2022-0611,1,0,0,0,0,1
158,CVE-2022-0597,1,0,0,0,0,1
159,CVE-2022-0596,1,0,0,0,0,1
160,CVE-2022-0589,1,0,0,0,0,1
161,CVE-2022-0588,1,0,0,0,0,1
162,CVE-2022-0587,1,0,0,0,0,1
163,CVE-2022-0580,1,0,0,0,0,1
164,CVE-2022-0579,1,0,0,0,0,1
165,CVE-2022-0577,1,0,0,0,0,1
166,CVE-2022-0576,1,0,0,0,0,1
167,CVE-2022-0575,1,0,0,0,0,1
168,CVE-2022-0572,1,0,0,0,0,1
169,CVE-2022-0571,1,0,0,0,0,1
170,CVE-2022-0570,1,0,0,0,0,1
171,CVE-2022-0569,1,0,0,0,0,1
172,CVE-2022-0565,1,0,0,0,0,1
173,CVE-2022-0560,1,0,0,0,0,1
174,CVE-2022-0559,1,0,0,0,0,1
175,CVE-2022-0558,1,0,0,0,0,1
176,CVE-2022-0557,1,0,0,0,0,1
177,CVE-2022-0554,1,0,0,0,0,1
178,CVE-2022-0539,1,0,0,0,0,1
179,CVE-2022-0536,1,0,0,0,0,1
180,CVE-2022-0528,1,0,0,0,0,1
181,CVE-2022-0527,1,0,0,0,0,1
182,CVE-2022-0526,1,0,0,0,0,1
183,CVE-2022-0525,1,0,0,0,0,1
184,CVE-2022-0524,1,0,0,0,0,1
185,CVE-2022-0523,1,0,0,0,0,1
186,CVE-2022-0522,1,0,0,0,0,1
187,CVE-2022-0521,1,0,0,0,0,1
188,CVE-2022-0520,1,0,0,0,0,1
189,CVE-2022-0519,1,0,0,0,0,1
190,CVE-2022-0518,1,0,0,0,0,1
191,CVE-2022-0515,1,0,0,0,0,1
192,CVE-2022-0514,1,0,0,0,0,1
193,CVE-2022-0512,1,0,0,0,0,1
194,CVE-2022-0510,1,0,0,0,0,1
195,CVE-2022-0509,1,0,0,0,0,1
196,CVE-2022-0508,1,0,0,0,0,1
197,CVE-2022-0506,1,0,0,0,0,1
198,CVE-2022-0505,1,0,0,0,0,1
199,CVE-2022-0504,1,0,0,0,0,1
200,CVE-2022-0502,1,0,0,0,0,1
201,CVE-2022-0501,1,0,0,0,0,1
202,CVE-2022-0482,1,0,0,0,0,1
203,CVE-2022-0481,1,0,0,0,0,1
204,CVE-2022-0472,1,0,0,0,0,1
205,CVE-2021-4043,1,0,0,0,0,1
206,CVE-2022-0443,1,0,0,0,0,1
207,CVE-2022-0437,1,0,0,0,0,1
208,CVE-2022-0432,1,0,0,0,0,1
209,CVE-2022-0430,1,0,0,0,0,1
210,CVE-2022-0419,1,0,0,0,0,1
211,CVE-2022-0417,1,0,0,0,0,1
212,CVE-2022-0414,1,0,0,0,0,1
213,CVE-2022-0413,1,0,0,0,0,1
214,CVE-2022-0409,1,0,0,0,0,1
215,CVE-2022-0408,1,0,0,0,0,1
216,CVE-2022-0407,1,0,0,0,0,1
217,CVE-2022-0395,1,0,0,0,0,1
218,CVE-2022-0394,1,0,0,0,0,1
219,CVE-2022-0393,1,0,0,0,0,1
220,CVE-2022-0392,1,0,0,0,0,1
221,CVE-2022-0932,1,0,0,0,0,1
222,CVE-2022-0387,1,0,0,0,0,1
223,CVE-2022-0379,1,0,0,0,0,1
224,CVE-2022-0378,1,0,0,0,0,1
225,CVE-2022-0375,1,0,0,0,0,1
226,CVE-2022-0374,1,0,0,0,0,1
227,CVE-2022-0372,1,0,0,0,0,1
228,CVE-2022-0370,1,0,0,0,0,1
229,CVE-2022-0368,1,0,0,0,0,1
230,CVE-2022-0362,1,0,0,0,0,1
231,CVE-2022-0361,1,0,0,0,0,1
232,CVE-2022-0359,1,0,0,0,0,1
233,CVE-2022-0355,1,0,0,0,0,1
234,CVE-2022-0352,1,0,0,0,0,1
235,CVE-2022-0351,1,0,0,0,0,1
236,CVE-2022-0350,1,0,0,0,0,1
237,CVE-2022-0348,1,0,0,0,0,1
238,CVE-2022-0341,1,0,0,0,0,1
239,CVE-2022-0339,1,0,0,0,0,1
240,CVE-2022-0338,1,0,0,0,0,1
241,CVE-2022-0326,1,0,0,0,0,1
242,CVE-2022-0323,1,0,0,0,0,1
243,CVE-2022-0319,1,0,0,0,0,1
244,CVE-2022-0318,1,0,0,0,0,1
245,CVE-2022-0315,1,0,0,0,0,1
246,CVE-2022-0285,1,0,0,0,0,1
247,CVE-2022-0282,1,0,0,0,0,1
248,CVE-2022-0281,1,0,0,0,0,1
249,CVE-2022-0278,1,0,0,0,0,1
250,CVE-2022-0277,1,0,0,0,0,1
251,CVE-2022-0274,1,0,0,0,0,1
252,CVE-2022-0273,1,0,0,0,0,1
253,CVE-2022-0269,1,0,0,0,0,1
254,CVE-2022-0268,1,0,0,0,0,1
255,CVE-2022-0266,1,0,0,0,0,1
256,CVE-2022-0265,1,0,0,0,0,1
257,CVE-2022-0263,1,0,0,0,0,1
258,CVE-2022-0262,1,0,0,0,0,1
259,CVE-2022-0261,1,0,0,0,0,1
260,CVE-2022-0260,1,0,0,0,0,1
261,CVE-2022-0258,1,0,0,0,0,1
262,CVE-2022-0257,1,0,0,0,0,1
263,CVE-2022-0256,1,0,0,0,0,1
264,CVE-2021-3862,1,0,0,0,0,1
265,CVE-2022-0253,1,0,0,0,0,1
266,CVE-2022-0251,1,0,0,0,0,1
267,CVE-2022-0245,1,0,0,0,0,1
268,CVE-2022-0243,1,0,0,0,0,1
269,CVE-2022-0242,1,0,0,0,0,1
270,CVE-2022-0240,1,0,0,0,0,1
271,CVE-2022-0239,1,0,0,0,0,1
272,CVE-2022-0238,1,0,0,0,0,1
273,CVE-2022-0235,1,0,0,0,0,1
274,CVE-2022-0231,1,0,0,0,0,1
275,CVE-2021-3857,1,0,0,0,0,1
276,CVE-2022-0227,1,0,0,0,0,1
277,CVE-2022-0226,1,0,0,0,0,1
278,CVE-2022-0224,1,0,0,0,0,1
279,CVE-2022-0219,1,0,0,0,0,1
280,CVE-2021-3853,1,0,0,0,0,1
281,CVE-2022-0213,1,0,0,0,0,1
282,CVE-2022-0203,1,0,0,0,0,1
283,CVE-2022-0198,1,0,0,0,0,1
284,CVE-2022-0197,1,0,0,0,0,1
285,CVE-2022-0196,1,0,0,0,0,1
286,CVE-2022-21675,1,0,1,1,0,0
287,CVE-2022-0179,1,0,0,0,0,1
288,CVE-2022-0178,1,0,0,0,0,1
289,CVE-2022-0174,1,0,0,0,0,1
290,CVE-2022-0173,1,0,0,0,0,1
291,CVE-2022-0170,1,0,0,0,0,1
292,CVE-2022-0159,1,0,0,0,0,1
293,CVE-2022-0158,1,0,0,0,0,1
294,CVE-2022-0157,1,0,0,0,0,1
295,CVE-2021-3850,1,0,0,0,0,1
296,CVE-2022-0156,1,0,0,0,0,1
297,CVE-2021-3866,1,0,0,0,0,1
298,CVE-2022-0155,1,0,0,0,0,1
299,CVE-2022-0153,1,0,0,0,0,1
300,CVE-2022-23563,0,0,0,1,0,0
301,CVE-2022-0145,1,0,0,0,0,1
302,CVE-2022-0144,1,0,0,0,0,1
303,CVE-2022-0139,1,0,0,0,0,1
304,CVE-2022-0133,1,0,0,0,0,1
305,CVE-2022-0132,1,0,0,0,0,1
306,CVE-2022-0128,1,0,0,0,0,1
307,CVE-2022-0122,1,0,0,0,0,1
308,CVE-2022-0121,1,0,0,0,0,1
309,CVE-2022-0087,1,0,0,0,0,1
310,CVE-2022-0086,1,0,0,0,0,1
311,CVE-2022-0083,1,0,0,0,0,1
312,CVE-2022-0080,1,0,0,0,0,1
313,CVE-2022-0079,1,0,0,0,0,1
314,CVE-2022-21649,1,0,0,1,0,0
315,CVE-2021-4194,1,0,0,0,0,1
316,CVE-2021-4193,1,0,0,0,0,1
317,CVE-2021-4192,1,0,0,0,0,1
318,CVE-2022-21650,1,0,0,1,0,0
319,CVE-2021-4188,1,0,0,0,0,1
320,CVE-2021-4187,1,0,0,0,0,1
321,CVE-2021-4179,1,0,0,0,0,1
322,CVE-2021-4177,1,0,0,0,0,1
323,CVE-2021-4176,1,0,0,0,0,1
324,CVE-2021-4175,1,0,0,0,0,1
325,CVE-2021-4173,1,0,0,0,0,1
326,CVE-2021-4172,1,0,0,0,0,1
327,CVE-2021-4171,1,0,0,0,0,1
328,CVE-2021-4170,1,0,0,0,0,1
329,CVE-2021-4169,1,0,0,0,0,1
330,CVE-2021-4168,1,0,0,0,0,1
331,CVE-2021-4166,1,0,0,0,0,1
332,CVE-2021-4164,1,0,0,0,0,1
333,CVE-2021-4162,1,0,0,0,0,1
334,CVE-2021-4146,1,0,0,0,0,1
335,CVE-2021-4143,1,0,0,0,0,1
336,CVE-2021-4139,1,0,0,0,0,1
337,CVE-2021-4136,1,0,0,0,0,1
338,CVE-2021-4132,1,0,0,0,0,1
339,CVE-2021-4131,1,0,0,0,0,1
340,CVE-2021-4130,1,0,0,0,0,1
341,CVE-2021-3845,1,0,0,0,0,1
342,CVE-2021-4124,1,0,0,0,0,1
343,CVE-2021-4123,1,0,0,0,0,1
344,CVE-2021-4121,1,0,0,0,0,1
345,CVE-2021-4119,1,0,0,0,0,1
346,CVE-2021-4118,1,0,0,0,0,1
347,CVE-2021-4117,1,0,0,0,0,1
348,CVE-2021-4116,1,0,0,0,0,1
349,CVE-2021-4111,1,0,0,0,0,1
350,CVE-2021-3831,1,0,0,0,0,1
351,CVE-2021-4110,1,0,0,0,0,1
352,CVE-2021-4108,1,0,0,0,0,1
353,CVE-2021-4107,1,0,0,0,0,1
354,CVE-2021-3837,1,0,0,0,0,1
355,CVE-2021-4103,1,0,0,0,0,1
356,CVE-2021-4097,1,0,0,0,0,1
357,CVE-2021-4092,1,0,0,0,0,1
358,CVE-2021-3829,1,0,0,0,0,1
359,CVE-2021-4089,1,0,0,0,0,1
360,CVE-2021-4084,1,0,0,0,0,1
361,CVE-2021-4082,1,0,0,0,0,1
362,CVE-2021-4081,1,0,0,0,0,1
363,CVE-2021-4080,1,0,0,0,0,1
364,CVE-2021-3842,1,0,0,0,0,1
365,CVE-2021-4075,1,0,0,0,0,1
366,CVE-2021-43810,1,0,1,1,0,0
367,CVE-2021-4072,1,0,0,0,0,1
368,CVE-2021-4070,1,0,0,0,0,1
369,CVE-2021-4069,1,0,0,0,0,1
370,CVE-2021-4050,1,0,0,0,0,1
371,CVE-2021-4049,1,0,0,0,0,1
372,CVE-2021-3815,1,0,0,0,0,1
373,CVE-2021-4033,1,0,0,0,0,1
374,CVE-2021-3817,1,0,0,0,0,1
375,CVE-2021-4026,1,0,0,0,0,1
376,CVE-2021-4020,1,0,0,0,0,1
377,CVE-2021-4019,1,0,0,0,0,1
378,CVE-2021-4018,1,0,0,0,0,1
379,CVE-2021-4017,1,0,0,0,0,1
380,CVE-2021-4015,1,0,0,0,0,1
381,CVE-2021-4005,1,0,0,0,0,1
382,CVE-2021-4000,1,0,0,0,0,1
383,CVE-2021-3994,1,0,0,0,0,1
384,CVE-2021-3993,1,0,0,0,0,1
385,CVE-2021-3992,1,0,0,0,0,1
386,CVE-2021-3991,0,0,0,0,0,0
387,CVE-2021-3990,1,0,0,0,0,1
388,CVE-2021-3989,1,0,0,0,0,1
389,CVE-2021-3988,0,0,0,0,0,0
390,CVE-2021-3987,0,0,0,0,0,0
391,CVE-2021-3986,0,0,0,0,0,0
392,CVE-2021-3985,1,0,0,0,0,1
393,CVE-2021-3984,1,0,0,0,0,1
394,CVE-2021-3983,1,0,0,0,0,1
395,CVE-2021-3980,1,0,0,0,0,1
396,CVE-2021-3977,1,0,0,0,0,1
397,CVE-2021-3976,1,0,0,0,0,1
398,CVE-2021-3974,1,0,0,0,0,1
399,CVE-2021-3973,1,0,0,0,0,1
400,CVE-2021-3968,1,0,0,0,0,1
401,CVE-2021-3964,1,0,0,0,0,1
402,CVE-2021-3963,1,0,0,0,0,1
403,CVE-2021-3961,1,0,0,0,0,1
404,CVE-2021-3957,1,0,0,0,0,1
405,CVE-2021-3950,1,0,0,0,0,1
406,CVE-2021-3945,1,0,0,0,0,1
407,CVE-2021-3944,1,0,0,0,0,1
408,CVE-2021-3938,1,0,0,0,0,1
409,CVE-2021-3934,1,0,0,0,0,1
410,CVE-2021-3932,1,0,0,0,0,1
411,CVE-2021-3931,1,0,0,0,0,1
412,CVE-2021-3928,1,0,0,0,0,1
413,CVE-2021-3927,1,0,0,0,0,1
414,CVE-2021-3924,1,0,0,0,0,1
415,CVE-2021-3921,1,0,0,0,0,1
416,CVE-2021-3920,1,0,0,0,0,1
417,CVE-2021-3918,1,0,0,0,0,1
418,CVE-2021-3916,1,0,0,0,0,1
419,CVE-2021-3915,1,0,0,0,0,1
420,CVE-2021-3906,1,0,0,0,0,1
421,CVE-2021-3904,1,0,0,0,0,1
422,CVE-2021-3903,1,0,0,0,0,1
423,CVE-2022-0401,1,0,0,0,0,1
424,CVE-2021-3901,1,0,0,0,0,1
425,CVE-2021-3900,1,0,0,0,0,1
426,CVE-2021-3745,1,0,0,0,0,1
427,CVE-2021-3879,1,0,0,0,0,1
428,CVE-2021-3878,1,0,0,0,0,1
429,CVE-2021-3836,1,0,0,0,0,1
430,CVE-2021-3882,1,0,0,0,0,1
431,CVE-2021-3875,1,0,0,0,0,1
432,CVE-2021-3874,1,0,0,0,0,1
433,CVE-2021-3872,1,0,0,0,0,1
434,CVE-2021-3852,1,0,0,0,0,1
435,CVE-2021-3869,1,0,0,0,0,1
436,CVE-2021-3863,1,0,0,0,0,1
437,CVE-2021-3858,1,0,0,0,0,1
438,CVE-2021-3756,1,0,0,0,0,1
439,CVE-2021-3851,1,0,0,0,0,1
440,CVE-2021-3846,1,0,0,0,0,1
441,CVE-2021-3841,0,0,0,0,0,0
442,CVE-2021-3765,1,0,0,0,0,1
443,CVE-2021-3828,1,0,0,0,0,1
444,CVE-2021-3822,1,0,0,0,0,1
445,CVE-2021-3820,1,0,0,0,0,1
446,CVE-2021-3819,1,0,0,0,0,1
447,CVE-2021-3818,1,0,0,0,0,1
448,CVE-2021-3889,1,0,0,0,0,1
449,CVE-2021-3881,1,0,0,0,0,1
450,CVE-2021-3888,1,0,0,0,0,1
451,CVE-2021-3813,1,0,0,0,0,1
452,CVE-2021-3810,1,0,0,0,0,1
453,CVE-2021-3807,1,0,0,0,0,1
454,CVE-2021-3805,1,0,0,0,0,1
455,CVE-2021-3804,1,0,0,0,0,1
456,CVE-2021-3803,1,0,0,0,0,1
457,CVE-2021-3801,1,0,0,0,0,1
458,CVE-2021-3799,1,0,0,0,0,1
459,CVE-2021-3751,1,0,0,0,0,1
460,CVE-2021-23435,0,0,0,0,1,0
461,CVE-2021-3796,1,0,0,0,0,1
462,CVE-2021-3706,1,0,0,0,0,1
463,CVE-2021-3795,1,0,0,0,0,1
464,CVE-2021-3794,1,0,0,0,0,1
465,CVE-2021-3797,1,0,0,0,0,1
466,CVE-2021-3785,1,0,0,0,0,1
467,CVE-2021-3783,1,0,0,0,0,1
468,CVE-2021-3645,1,0,0,0,0,1
469,CVE-2021-3780,1,0,0,0,0,1
470,CVE-2021-3646,1,0,0,0,0,1
471,CVE-2021-3778,1,0,0,0,0,1
472,CVE-2021-3777,1,0,0,0,0,1
473,CVE-2021-3812,1,0,0,0,0,1
474,CVE-2021-3811,1,0,0,0,0,1
475,CVE-2021-3776,1,0,0,0,0,1
476,CVE-2021-3775,1,0,0,0,0,1
477,CVE-2021-3830,1,0,0,0,0,1
478,CVE-2021-3770,1,0,0,0,0,1
479,CVE-2021-3768,1,0,0,0,0,1
480,CVE-2021-3767,1,0,0,0,0,1
481,CVE-2021-3766,1,0,0,0,0,1
482,CVE-2021-32568,1,0,0,0,0,1
483,CVE-2021-3758,1,0,0,0,0,1
484,CVE-2021-3757,1,0,0,0,0,1
485,CVE-2021-3749,1,0,0,0,0,1
486,CVE-2021-3734,1,0,0,0,0,1
487,CVE-2021-3730,1,0,0,0,0,1
488,CVE-2021-3729,1,0,0,0,0,1
489,CVE-2021-3728,1,0,0,0,0,1
490,CVE-2021-3692,1,0,0,0,0,1
491,CVE-2021-3689,1,0,0,0,0,1
492,CVE-2021-3683,1,0,0,0,0,1
493,CVE-2021-3680,1,0,0,0,0,1
494,CVE-2021-3678,1,0,0,0,0,1
495,CVE-2021-3664,1,0,0,0,0,1
496,CVE-2021-3663,1,0,0,0,0,1
497,CVE-2020-7792,0,0,0,0,0,0
498,CVE-2021-3649,1,0,0,0,0,1
499,CVE-2021-3647,1,0,0,0,0,1
500,CVE-2021-3603,1,0,0,0,0,0
501,CVE-2020-28283,0,0,0,0,0,0
502,CVE-2020-23138,0,0,0,0,0,0
503,CVE-2021-3666,1,0,0,0,0,1
504,CVE-2020-28278,0,0,0,0,0,0
505,CVE-2020-28360,0,0,0,0,0,0
506,CVE-2020-11887,0,1,0,0,0,0
507,CVE-2021-28458,0,0,0,0,0,0
508,CVE-2020-28442,0,0,0,0,0,0
509,CVE-2021-24033,0,0,0,0,1,0
510,CVE-2021-21315,1,0,0,1,0,0
511,CVE-2021-21388,1,0,0,1,0,0
512,CVE-2020-29456,0,1,1,0,0,0
513,CVE-2021-25928,0,0,0,0,0,0
514,CVE-2021-23329,0,0,0,0,1,0
515,CVE-2020-28277,0,0,0,0,0,0
516,CVE-2020-7713,0,0,0,0,0,0
517,CVE-2021-23338,0,0,0,0,1,0
518,CVE-2020-28281,0,0,0,0,0,0
519,CVE-2021-23327,1,0,0,0,1,0
520,CVE-2020-7768,0,0,0,0,1,0
521,CVE-2021-31200,0,0,0,0,0,0
522,CVE-2020-28448,0,0,0,0,1,0
523,CVE-2020-7736,1,0,0,0,0,0
524,CVE-2020-28456,1,1,1,0,0,0
525,CVE-2019-15489,0,0,0,0,1,0
526,CVE-2020-28499,0,0,0,0,0,0
527,CVE-2020-7774,0,1,0,0,1,0
528,CVE-2020-15256,1,0,0,1,0,0
529,CVE-2020-35660,0,0,1,0,1,0
530,CVE-2020-7700,0,0,0,0,0,0
531,CVE-2020-7719,0,0,0,0,1,0
532,CVE-2020-8149,0,0,0,0,0,0
533,CVE-2021-46020,0,1,0,0,0,0
534,CVE-2020-36401,1,0,0,0,0,0
535,CVE-2020-15866,0,1,0,0,0,0
536,CVE-2017-9527,1,1,0,0,0,0
537,CVE-2020-6838,0,1,0,0,0,0
538,CVE-2020-6839,0,1,0,0,0,0
539,CVE-2020-6840,0,1,0,0,0,0
540,CVE-2018-12248,1,1,0,0,0,0
541,CVE-2018-14337,0,1,0,0,0,0
542,CVE-2018-12249,1,1,0,0,0,0
543,CVE-2018-12247,1,1,0,0,0,0
544,CVE-2018-11743,1,1,0,0,0,0
545,CVE-2017-0898,0,1,0,0,0,0
546,CVE-2018-10199,1,1,0,0,0,0
547,CVE-2018-10191,1,1,0,0,0,0
548,CVE-2021-46426,1,0,0,0,0,0
549,CVE-2022-23046,0,0,1,0,0,0
550,CVE-2022-23045,0,0,1,0,0,0
551,CVE-2021-35438,0,1,0,0,0,0
552,CVE-2020-13225,0,1,0,0,0,0
553,CVE-2019-16692,0,1,0,0,0,0
554,CVE-2019-16696,0,1,0,0,0,0
555,CVE-2019-16695,0,1,0,0,0,0
556,CVE-2019-16694,0,1,0,0,0,0
557,CVE-2019-16693,0,1,0,0,0,0
558,CVE-2019-1000010,1,1,0,0,0,0
559,CVE-2018-1000860,0,1,0,0,0,0
560,CVE-2018-1000869,1,1,0,0,0,0
561,CVE-2018-1000870,1,1,0,0,0,0
562,CVE-2018-10329,0,1,0,0,0,0
563,CVE-2017-15640,0,1,1,0,0,0
564,CVE-2017-6481,0,1,0,0,0,0
565,CVE-2021-44926,0,1,0,0,0,0
566,CVE-2021-44919,0,1,0,0,0,0
567,CVE-2022-24576,0,1,0,0,0,1
568,CVE-2022-24575,0,1,0,0,0,1
569,CVE-2022-26967,0,1,0,0,0,0
570,CVE-2022-24249,0,1,0,0,0,0
571,CVE-2021-46313,0,1,0,0,0,0
572,CVE-2021-46311,0,1,0,0,0,0
573,CVE-2021-46240,0,1,0,0,0,0
574,CVE-2021-46239,0,1,0,0,0,0
575,CVE-2021-46238,0,1,0,0,0,0
576,CVE-2021-46237,0,1,0,0,0,0
577,CVE-2021-46234,0,1,0,0,0,0
578,CVE-2021-46236,0,1,0,0,0,0
579,CVE-2021-45767,0,1,0,0,0,0
580,CVE-2021-45764,0,1,0,0,0,0
581,CVE-2021-45762,0,1,0,0,0,0
582,CVE-2021-45763,0,1,0,0,0,0
583,CVE-2021-45760,0,1,0,0,0,0
584,CVE-2021-36414,0,1,0,0,0,0
585,CVE-2021-36412,0,1,0,0,0,0
586,CVE-2020-25427,1,1,0,0,0,0
587,CVE-2021-36417,0,1,0,0,0,0
588,CVE-2021-40576,1,1,0,0,0,0
589,CVE-2021-40575,1,1,0,0,0,0
590,CVE-2021-40574,1,1,0,0,0,0
591,CVE-2021-40573,1,1,0,0,0,0
592,CVE-2021-40572,1,1,0,0,0,0
593,CVE-2021-40571,1,1,0,0,0,0
594,CVE-2021-40570,1,1,0,0,0,0
595,CVE-2021-40569,1,1,0,0,0,0
596,CVE-2021-40568,1,1,0,0,0,0
597,CVE-2021-40567,1,1,0,0,0,0
598,CVE-2021-40566,1,1,0,0,0,0
599,CVE-2021-40565,1,1,0,0,0,0
600,CVE-2021-40564,1,1,0,0,0,0
601,CVE-2021-40563,1,1,0,0,0,0
602,CVE-2021-40562,1,1,0,0,0,0
603,CVE-2021-40559,0,1,0,0,0,0
604,CVE-2021-46045,0,1,0,0,0,0
605,CVE-2021-46046,0,1,0,0,0,0
606,CVE-2021-46047,0,1,0,0,0,0
607,CVE-2021-46049,0,1,0,0,0,0
608,CVE-2021-46051,0,1,0,0,0,0
609,CVE-2021-46044,0,1,0,0,0,0
610,CVE-2021-46043,0,1,0,0,0,0
611,CVE-2021-46042,0,1,0,0,0,0
612,CVE-2021-46041,0,1,0,0,0,0
613,CVE-2021-46040,0,1,0,0,0,0
614,CVE-2021-46039,0,1,0,0,0,0
615,CVE-2021-46038,0,1,0,0,0,0
616,CVE-2021-45831,0,1,0,0,0,0
617,CVE-2021-45288,0,1,0,0,0,0
618,CVE-2019-20171,0,1,0,0,0,0
619,CVE-2021-45289,0,1,0,0,0,0
620,CVE-2021-45291,0,1,0,0,0,0
621,CVE-2021-45292,0,1,0,0,0,0
622,CVE-2021-45259,0,1,0,0,0,0
623,CVE-2021-45258,0,1,0,0,0,0
624,CVE-2021-45263,0,1,0,0,0,0
625,CVE-2021-45267,0,1,0,0,0,0
626,CVE-2021-45260,0,1,0,0,0,0
627,CVE-2021-45262,0,1,0,0,0,0
628,CVE-2021-45297,0,1,0,0,0,0
629,CVE-2021-44918,0,1,0,0,0,0
630,CVE-2021-44920,0,1,0,0,0,0
631,CVE-2021-44927,0,1,0,0,0,0
632,CVE-2021-44925,0,1,0,0,0,0
633,CVE-2021-44924,0,1,0,0,0,0
634,CVE-2021-44923,0,1,0,0,0,0
635,CVE-2021-44921,0,1,0,0,0,0
636,CVE-2021-44922,0,1,0,0,0,0
637,CVE-2021-45266,0,1,0,0,0,0
638,CVE-2020-22673,0,1,0,0,0,0
639,CVE-2020-22679,0,1,0,0,0,0
640,CVE-2020-22678,0,1,0,0,0,0
641,CVE-2020-22677,0,1,0,0,0,0
642,CVE-2020-22675,0,1,0,0,0,0
643,CVE-2020-22674,0,1,0,0,0,0
644,CVE-2021-41456,0,1,0,0,0,0
645,CVE-2021-41457,0,1,0,0,0,0
646,CVE-2021-41459,0,1,0,0,0,0
647,CVE-2021-32268,1,1,0,0,0,0
648,CVE-2021-32271,0,1,0,0,0,0
649,CVE-2021-32270,0,1,0,0,0,0
650,CVE-2021-32269,0,1,0,0,0,0
651,CVE-2020-23269,0,1,0,0,0,0
652,CVE-2020-23267,0,1,0,0,0,0
653,CVE-2020-23266,0,1,0,0,0,0
654,CVE-2021-32139,1,1,0,0,0,0
655,CVE-2021-32138,1,1,0,0,0,0
656,CVE-2021-33366,1,1,0,0,0,0
657,CVE-2021-33365,1,1,0,0,0,0
658,CVE-2021-33363,1,1,0,0,0,0
659,CVE-2021-33361,1,1,0,0,0,0
660,CVE-2021-33364,1,1,0,0,0,0
661,CVE-2021-33362,1,1,0,0,0,0
662,CVE-2021-32136,1,1,0,0,0,0
663,CVE-2021-32137,1,1,0,0,0,0
664,CVE-2021-32134,1,1,0,0,0,0
665,CVE-2021-32135,1,1,0,0,0,0
666,CVE-2021-32132,1,1,0,0,0,0
667,CVE-2020-19751,0,1,0,0,0,0
668,CVE-2020-19750,0,1,0,0,0,0
669,CVE-2021-32438,1,1,0,0,0,0
670,CVE-2021-32439,1,1,0,0,0,0
671,CVE-2021-32440,1,1,0,0,0,0
672,CVE-2021-32437,1,1,0,0,0,0
673,CVE-2021-36584,0,1,0,0,0,0
674,CVE-2020-24829,0,1,0,0,0,0
675,CVE-2020-22352,0,1,0,0,0,0
676,CVE-2020-19488,1,1,0,0,0,0
677,CVE-2020-19481,1,1,0,0,0,0
678,CVE-2019-11221,0,1,0,0,0,0
679,CVE-2019-11222,1,1,0,0,0,0
680,CVE-2019-20159,0,1,0,0,0,0
681,CVE-2020-35982,1,1,0,0,0,0
682,CVE-2020-35981,1,1,0,0,0,0
683,CVE-2020-35980,1,1,0,0,0,0
684,CVE-2020-35979,1,1,0,0,0,0
685,CVE-2020-23930,1,1,0,0,0,0
686,CVE-2020-23928,1,1,0,0,0,0
687,CVE-2020-23931,1,1,0,0,0,0
688,CVE-2020-23932,1,1,0,0,0,0
689,CVE-2021-31254,1,1,0,0,0,0
690,CVE-2021-31257,1,1,0,0,0,0
691,CVE-2021-31256,1,1,0,0,0,0
692,CVE-2021-31255,1,1,0,0,0,0
693,CVE-2021-31261,1,1,0,0,0,0
694,CVE-2021-31260,1,1,0,0,0,0
695,CVE-2021-31259,1,1,0,0,0,0
696,CVE-2021-31258,1,1,0,0,0,0
697,CVE-2021-30015,1,1,0,0,0,0
698,CVE-2021-30014,1,1,0,0,0,0
699,CVE-2021-29279,1,1,0,0,0,0
700,CVE-2021-31262,1,1,0,0,0,0
701,CVE-2021-30199,1,1,0,0,0,0
702,CVE-2021-30022,1,1,0,0,0,0
703,CVE-2021-30020,1,1,0,0,0,0
704,CVE-2021-30019,1,1,0,0,0,0
705,CVE-2021-28300,0,1,0,0,0,0
706,CVE-2018-21017,1,1,0,0,0,0
707,CVE-2019-12483,0,1,0,0,0,0
708,CVE-2020-11558,1,1,0,0,0,0
709,CVE-2019-20632,0,1,0,0,0,0
710,CVE-2019-20631,0,1,0,0,0,0
711,CVE-2019-20630,1,1,0,0,0,0
712,CVE-2019-20629,1,1,0,0,0,0
713,CVE-2019-20628,1,1,0,0,0,0
714,CVE-2019-20208,0,1,0,0,0,0
715,CVE-2019-20170,0,1,0,0,0,0
716,CVE-2019-20165,0,1,0,0,0,0
717,CVE-2019-20163,0,1,0,0,0,0
718,CVE-2019-20162,0,1,0,0,0,0
719,CVE-2019-20161,0,1,0,0,0,0
720,CVE-2019-13618,0,1,0,0,0,0
721,CVE-2018-21016,0,1,0,0,0,0
722,CVE-2018-21015,0,1,0,0,0,0
723,CVE-2020-6630,0,1,0,0,0,0
724,CVE-2020-6631,0,1,0,0,0,0
725,CVE-2019-20164,0,1,0,0,0,0
726,CVE-2019-20166,0,1,0,0,0,0
727,CVE-2019-20167,0,1,0,0,0,0
728,CVE-2019-20169,0,1,0,0,0,0
729,CVE-2019-20168,0,1,0,0,0,0
730,CVE-2019-20160,0,1,0,0,0,0
731,CVE-2019-12482,0,1,0,0,0,0
732,CVE-2019-12481,0,1,0,0,0,0
733,CVE-2018-20760,1,1,0,0,0,0
734,CVE-2018-7752,1,1,0,0,0,0
735,CVE-2018-20763,1,1,0,0,0,0
736,CVE-2018-20762,1,1,0,0,0,0
737,CVE-2018-20761,1,1,0,0,0,0
738,CVE-2018-1000100,0,1,0,0,0,0
739,CVE-2018-13006,1,0,0,0,0,0
740,CVE-2018-13005,0,1,0,0,0,0
741,CVE-2020-26135,1,0,0,0,0,0
742,CVE-2020-26134,1,0,0,0,0,0
743,CVE-2021-29440,0,0,0,1,0,0
744,CVE-2020-11529,1,1,0,0,0,0
745,CVE-2021-21425,0,0,0,1,0,0
746,CVE-2021-29439,0,0,0,1,0,0
747,CVE-2019-16126,0,1,0,0,0,0
748,CVE-2019-20807,1,0,1,0,0,0
749,CVE-2017-17087,1,0,0,0,0,0
750,CVE-2021-28832,1,0,0,0,0,0
751,CVE-2019-20079,1,0,0,0,0,0
752,CVE-2018-20786,1,1,0,0,0,0
753,CVE-2019-12735,1,0,0,0,1,0
754,CVE-2017-5953,1,0,0,0,0,0
755,CVE-2017-6350,1,0,0,0,0,0
756,CVE-2017-6349,1,0,0,0,0,0
757,CVE-2016-1248,1,0,1,0,0,0
758,CVE-2019-10118,0,0,0,0,1,0
759,CVE-2016-10744,0,1,0,0,1,0
760,CVE-2022-25471,0,0,0,0,0,0
761,CVE-2019-14530,0,0,0,0,1,0
762,CVE-2018-15152,0,0,0,0,1,0
763,CVE-2018-15139,0,0,0,0,1,0
764,CVE-2021-25923,1,0,0,0,0,0
765,CVE-2021-25917,1,0,0,0,0,0
766,CVE-2021-25918,1,0,0,0,0,0
767,CVE-2021-25922,1,0,0,0,0,0
768,CVE-2021-25919,1,0,0,0,0,0
769,CVE-2021-25921,1,0,0,0,0,0
770,CVE-2021-25920,1,0,0,0,0,0
771,CVE-2017-6394,0,1,0,0,0,0
772,CVE-2019-17409,0,0,0,0,1,0
773,CVE-2019-16862,0,0,0,0,1,0
774,CVE-2019-17179,0,0,0,0,1,0
775,CVE-2019-17197,0,0,0,0,1,0
776,CVE-2017-12064,1,0,0,0,0,0
777,CVE-2018-10572,1,1,0,0,1,0
778,CVE-2018-10573,1,1,0,0,1,0
779,CVE-2019-14529,0,0,0,0,1,0
780,CVE-2018-17181,1,0,0,0,0,0
781,CVE-2018-17179,1,0,0,0,0,0
782,CVE-2018-17180,1,0,0,0,0,0
783,CVE-2018-1000218,0,1,0,0,0,0
784,CVE-2018-1000219,0,1,0,0,0,0
785,CVE-2018-15151,0,0,0,0,1,0
786,CVE-2018-15150,0,0,0,0,1,0
787,CVE-2018-15149,0,0,0,0,1,0
788,CVE-2018-15148,0,0,0,0,1,0
789,CVE-2018-15147,0,0,0,0,1,0
790,CVE-2018-15146,0,0,0,0,1,0
791,CVE-2018-15140,0,0,0,0,1,0
792,CVE-2018-15142,0,0,0,0,1,0
793,CVE-2018-15141,0,0,0,0,1,0
794,CVE-2018-15143,0,0,0,0,1,0
795,CVE-2018-15144,0,0,0,0,1,0
796,CVE-2018-15145,0,0,0,0,1,0
797,CVE-2018-15154,0,0,0,0,1,0
798,CVE-2018-15153,0,0,0,0,1,0
799,CVE-2018-15155,0,0,0,0,1,0
800,CVE-2018-15156,0,0,0,0,1,0
801,CVE-2014-5462,0,1,0,0,0,0
802,CVE-2018-9250,1,0,0,0,1,0
803,CVE-2018-10571,1,1,0,0,1,0
804,CVE-2021-28931,0,0,1,0,0,0
805,CVE-2020-23960,0,0,0,0,1,0
806,CVE-2020-23263,0,0,0,0,1,0
807,CVE-2020-23264,0,0,0,0,1,0
808,CVE-2020-13633,0,0,0,0,1,0
809,CVE-2014-9470,1,1,0,0,0,0
810,CVE-2012-1209,1,0,0,0,0,0
811,CVE-2012-5164,1,0,0,0,1,0
812,CVE-2012-1207,1,0,0,0,0,0
813,CVE-2012-1188,1,0,0,0,0,0
814,CVE-2012-1208,1,0,0,0,0,0
815,CVE-2022-1207,1,0,0,0,0,1
816,CVE-2021-4021,0,1,0,0,0,0
817,CVE-2020-15121,1,1,0,1,1,0
818,CVE-2019-19647,0,1,0,0,0,0
819,CVE-2021-32613,1,1,0,0,0,0
820,CVE-2020-24133,0,0,0,0,1,0
821,CVE-2020-16269,0,1,0,0,0,0
822,CVE-2020-17487,0,1,0,0,0,0
823,CVE-2019-16718,1,0,0,0,0,0
824,CVE-2018-20459,1,1,0,0,0,0
825,CVE-2018-20458,1,1,0,0,0,0
826,CVE-2018-20457,1,1,0,0,0,0
827,CVE-2017-6415,1,1,0,0,0,0
828,CVE-2018-14017,1,1,0,0,0,0
829,CVE-2018-14016,1,1,0,0,0,0
830,CVE-2018-14015,1,1,0,0,0,0
831,CVE-2019-19590,0,1,0,0,0,0
832,CVE-2021-29134,0,0,1,0,1,0
833,CVE-2021-45331,0,0,0,0,1,0
834,CVE-2021-45330,0,1,0,0,0,0
835,CVE-2021-45329,0,0,0,0,1,0
836,CVE-2021-45325,0,0,0,0,1,0
837,CVE-2021-45326,0,1,0,0,1,0
838,CVE-2021-45327,0,0,0,0,1,0
839,CVE-2021-45328,0,1,0,0,0,0
840,CVE-2021-28378,0,0,0,0,1,0
841,CVE-2020-14144,0,0,1,0,1,0
842,CVE-2021-3382,0,0,0,0,1,0
843,CVE-2019-11229,0,0,1,0,0,0
844,CVE-2020-28991,0,0,1,0,1,0
845,CVE-2019-1000002,0,0,0,0,1,0
846,CVE-2019-11576,0,0,0,0,1,0
847,CVE-2020-13246,0,1,0,0,1,0
848,CVE-2019-1010261,0,0,0,0,1,0
849,CVE-2019-1010314,0,0,1,0,0,0
850,CVE-2019-11228,0,0,1,0,0,0
851,CVE-2018-18926,0,1,0,0,0,0
852,CVE-2018-1000803,0,0,0,0,1,0
853,CVE-2018-15192,0,1,0,0,0,0
854,CVE-2020-28337,1,0,0,0,0,0
855,CVE-2020-13405,1,0,0,0,0,0
856,CVE-2018-19917,1,0,0,0,0,0
857,CVE-2018-1000826,0,1,0,0,0,0
858,CVE-2018-17104,1,1,0,0,0,0
859,CVE-2014-9464,1,0,0,0,0,0
860,CVE-2013-5984,1,0,0,0,0,0
861,CVE-2021-36440,0,1,0,0,0,0
862,CVE-2018-19620,1,1,0,0,0,0
863,CVE-2018-19433,0,1,0,0,0,0
864,CVE-2018-16342,0,1,0,0,0,0
865,CVE-2018-1000547,0,0,0,0,0,0
866,CVE-2017-2661,1,0,0,0,0,0
867,CVE-2016-0721,1,0,0,0,0,0
868,CVE-2016-0720,1,0,0,0,0,0
869,CVE-2021-27231,0,1,0,0,0,0
870,CVE-2020-10966,1,1,1,0,0,0
871,CVE-2019-16789,1,0,0,0,1,0
872,CVE-2019-16786,1,0,0,1,0,0
873,CVE-2019-16785,1,0,0,1,0,0
874,CVE-2020-5236,1,0,0,1,0,0
875,CVE-2019-16792,1,0,0,1,0,0
876,CVE-2021-32630,0,1,1,1,0,0
877,CVE-2020-11004,1,1,0,1,0,0
878,CVE-2017-8382,0,1,0,0,0,0
879,CVE-2019-14544,0,1,0,0,0,0
880,CVE-2020-14958,1,0,0,0,1,0
881,CVE-2020-9329,0,1,0,0,0,0
882,CVE-2018-20303,1,1,0,0,0,0
883,CVE-2018-18925,0,1,0,0,0,0
884,CVE-2018-17031,0,1,0,0,0,0
885,CVE-2018-16409,0,1,0,0,0,0
886,CVE-2018-15178,0,1,0,0,1,0
887,CVE-2018-15193,0,1,0,0,0,0
888,CVE-2020-11011,1,0,0,1,0,0
889,CVE-2020-18661,0,1,0,0,0,0
890,CVE-2020-18662,0,1,0,0,0,0
891,CVE-2020-18663,0,1,0,0,0,0
892,CVE-2018-15583,1,0,0,0,0,0
893,CVE-2018-18674,1,0,1,0,0,0
894,CVE-2018-18678,1,0,1,0,0,0
895,CVE-2018-18668,1,0,1,0,0,0
896,CVE-2018-18675,1,0,1,0,0,0
897,CVE-2018-18672,1,0,1,0,0,0
898,CVE-2018-18670,1,0,1,0,0,0
899,CVE-2018-18673,1,0,1,0,0,0
900,CVE-2018-18671,1,0,1,0,0,0
901,CVE-2018-18669,1,0,1,0,0,0
902,CVE-2018-18676,1,0,1,0,0,0
903,CVE-2018-15584,1,0,0,0,0,0
904,CVE-2018-15582,1,0,0,0,0,0
905,CVE-2018-15581,1,0,0,0,0,0
906,CVE-2018-15580,1,0,0,0,0,0
907,CVE-2018-15585,1,0,0,0,0,0
908,CVE-2021-39189,0,0,0,1,1,1
909,CVE-2021-39170,0,0,0,1,1,1
910,CVE-2021-39166,0,0,0,1,1,0
911,CVE-2021-37702,0,0,0,1,1,0
912,CVE-2021-23405,0,0,0,0,1,0
913,CVE-2021-23340,1,0,0,0,0,0
914,CVE-2020-26246,0,0,0,1,1,0
915,CVE-2020-7759,0,0,0,0,1,0
916,CVE-2019-10867,1,0,0,0,0,0
917,CVE-2019-10763,0,0,0,0,0,0
918,CVE-2019-18981,1,0,0,0,0,0
919,CVE-2019-18986,1,0,0,0,0,0
920,CVE-2019-18982,1,0,0,0,0,0
921,CVE-2019-18985,1,0,0,0,0,0
922,CVE-2019-18656,1,0,0,0,0,0
923,CVE-2019-16318,1,0,0,0,0,0
924,CVE-2019-16317,1,0,0,0,0,0
925,CVE-2015-4426,1,0,0,0,0,0
926,CVE-2015-4425,1,0,0,0,0,0
927,CVE-2022-24756,0,0,0,1,1,1
928,CVE-2020-11061,0,0,0,1,0,0
929,CVE-2020-4042,0,0,0,1,0,0
930,CVE-2021-45010,1,0,0,0,1,0
931,CVE-2021-40964,0,0,0,0,0,0
932,CVE-2021-40966,0,0,0,0,0,0
933,CVE-2021-40965,0,0,0,0,0,0
934,CVE-2020-12103,1,1,0,0,0,0
935,CVE-2020-12102,1,1,0,0,0,0
936,CVE-2019-16790,1,0,0,1,0,0
937,CVE-2020-18693,0,1,0,0,0,0
938,CVE-2020-26260,0,0,1,1,0,0
939,CVE-2020-26210,1,0,1,1,0,0
940,CVE-2020-26211,1,0,1,1,0,0
941,CVE-2020-11055,0,0,1,1,0,0
942,CVE-2020-5256,0,0,1,1,0,0
943,CVE-2017-1000462,0,1,0,0,0,0
944,CVE-2021-27516,1,0,1,0,0,0
945,CVE-2020-26291,1,0,1,1,0,0
946,CVE-2021-45083,0,0,1,0,0,0
947,CVE-2021-45082,0,0,1,0,0,0
948,CVE-2021-45081,0,0,1,0,0,0
949,CVE-2021-40324,1,0,1,0,0,0
950,CVE-2021-40323,1,0,1,0,0,0
951,CVE-2021-40325,1,0,1,0,0,0
952,CVE-2018-1000226,0,1,0,0,0,0
953,CVE-2018-1000225,0,1,0,0,0,0
954,CVE-2014-3225,0,1,0,0,0,0
955,CVE-2017-1000469,0,1,0,0,0,0
956,CVE-2009-5021,0,0,0,0,0,0
957,CVE-2012-2395,1,1,0,0,0,0
958,CVE-2010-4512,0,0,0,0,0,0
959,CVE-2010-2235,0,0,0,0,0,0
960,CVE-2021-25966,0,0,0,0,0,0
961,CVE-2021-37517,1,0,0,0,0,0
962,CVE-2021-36625,1,0,0,0,0,0
963,CVE-2022-22293,0,1,0,0,0,0
964,CVE-2021-25955,1,0,0,0,0,0
965,CVE-2021-33618,0,0,1,0,0,0
966,CVE-2021-25957,1,0,0,0,0,0
967,CVE-2021-25956,1,0,0,0,0,0
968,CVE-2021-25954,1,0,0,0,0,0
969,CVE-2020-12669,1,0,0,0,0,0
970,CVE-2020-14201,0,0,0,0,0,0
971,CVE-2020-35136,1,0,1,0,0,0
972,CVE-2020-14209,0,0,1,0,0,0
973,CVE-2018-9019,1,0,0,0,0,0
974,CVE-2018-10092,1,0,0,0,0,0
975,CVE-2020-14443,1,0,0,0,0,0
976,CVE-2020-14475,1,0,0,0,0,0
977,CVE-2020-13094,0,0,0,0,0,0
978,CVE-2013-2093,1,0,0,0,0,0
979,CVE-2013-2091,1,0,0,0,0,0
980,CVE-2013-2092,1,0,0,0,0,0
981,CVE-2019-15062,0,1,0,0,0,0
982,CVE-2019-1010016,0,1,0,0,0,0
983,CVE-2018-16809,0,1,0,0,0,0
984,CVE-2018-16808,0,1,0,0,0,0
985,CVE-2018-19998,1,0,0,0,0,0
986,CVE-2018-19994,1,0,0,0,0,0
987,CVE-2018-19992,1,0,0,0,0,0
988,CVE-2018-19993,1,0,0,0,0,0
989,CVE-2018-19995,1,0,0,0,0,0
990,CVE-2011-4814,1,0,0,0,0,0
991,CVE-2011-4802,1,0,0,0,0,0
992,CVE-2018-13449,1,0,0,0,0,0
993,CVE-2018-13450,1,0,0,0,0,0
994,CVE-2018-13447,1,0,0,0,0,0
995,CVE-2018-13448,1,0,0,0,0,0
996,CVE-2018-10094,1,0,0,0,0,0
997,CVE-2018-10095,1,0,0,0,0,0
998,CVE-2017-1000509,0,1,0,0,0,0
999,CVE-2017-17971,0,1,0,0,0,0
1000,CVE-2017-17900,1,0,0,0,0,0
1001,CVE-2017-17899,1,0,0,0,0,0
1002,CVE-2017-17898,1,0,0,0,0,0
1003,CVE-2017-17897,1,0,0,0,0,0
1004,CVE-2017-14239,1,0,0,0,0,0
1005,CVE-2017-14240,1,0,0,0,0,0
1006,CVE-2017-14241,1,0,0,0,0,0
1007,CVE-2017-14242,1,0,0,0,0,0
1008,CVE-2017-14238,1,0,0,0,0,0
1009,CVE-2012-1226,1,0,0,0,0,0
1010,CVE-2017-9435,1,0,0,0,0,0
1011,CVE-2015-8685,1,1,0,0,0,0
1012,CVE-2015-3935,1,1,0,0,0,0
1013,CVE-2016-1912,1,1,0,0,0,0
1014,CVE-2011-4329,1,0,0,0,0,0
1015,CVE-2021-44278,0,0,0,0,1,0
1016,CVE-2021-44279,0,0,0,0,1,0
1017,CVE-2021-44277,0,0,0,0,1,0
1018,CVE-2021-43324,1,0,0,0,0,0
1019,CVE-2021-31274,0,0,0,0,1,0
1020,CVE-2020-15877,1,0,1,0,1,0
1021,CVE-2020-35700,0,1,1,0,1,0
1022,CVE-2020-15873,1,0,0,0,1,0
1023,CVE-2017-16759,1,0,0,0,1,0
1024,CVE-2018-20678,1,0,0,0,0,0
1025,CVE-2018-18478,0,1,1,0,1,0
1026,CVE-2022-24739,1,0,0,1,0,0
1027,CVE-2021-25965,1,0,0,0,0,0
1028,CVE-2021-25964,1,0,0,0,0,0
1029,CVE-2020-12627,0,0,0,0,1,0
1030,CVE-2019-18818,0,0,1,0,1,0
1031,CVE-2019-19609,0,0,0,0,1,0
1032,CVE-2021-28128,0,0,1,0,0,0
1033,CVE-2020-27664,0,0,1,0,1,0
1034,CVE-2020-27665,0,0,1,0,1,0
1035,CVE-2020-27666,0,0,1,0,1,0
1036,CVE-2020-13961,0,0,1,0,1,0
1037,CVE-2021-31761,0,0,0,0,0,0
1038,CVE-2021-31762,0,0,0,0,0,0
1039,CVE-2021-31760,0,0,0,0,0,0
1040,CVE-2020-35769,1,0,0,0,0,0
1041,CVE-2019-15642,1,0,0,0,0,0
1042,CVE-2017-17089,1,0,0,0,0,0
1043,CVE-2017-15646,1,0,0,0,0,0
1044,CVE-2017-15644,1,0,0,0,0,0
1045,CVE-2017-15645,1,0,0,0,0,0
1046,CVE-2017-9313,1,0,0,0,0,0
1047,CVE-2017-2106,1,0,0,0,0,0
1048,CVE-2012-2983,1,0,0,0,0,0
1049,CVE-2012-2982,1,0,0,0,0,0
1050,CVE-2012-2981,1,0,0,0,0,0
1051,CVE-2011-1937,1,0,0,0,0,0
1052,CVE-2021-27911,0,0,0,1,0,0
1053,CVE-2021-27910,0,0,0,1,0,0
1054,CVE-2021-27909,0,0,0,1,0,0
1055,CVE-2021-27912,0,0,0,1,0,0
1056,CVE-2021-27913,0,0,0,1,0,0
1057,CVE-2021-27908,0,0,0,1,0,0
1058,CVE-2020-35125,0,0,0,1,0,0
1059,CVE-2020-35124,0,0,0,1,0,0
1060,CVE-2018-11198,0,0,1,0,0,0
1061,CVE-2017-1000488,0,0,1,0,0,0
1062,CVE-2017-1000489,0,0,1,0,0,0
1063,CVE-2017-1000490,0,0,1,0,0,0
1064,CVE-2017-8874,0,1,0,0,0,0
1065,CVE-2018-8092,0,0,1,0,0,0
1066,CVE-2018-11200,0,0,1,0,0,0
1067,CVE-2018-10189,0,0,1,0,0,0
1068,CVE-2018-8071,0,0,1,0,0,0
1069,CVE-2017-1000506,0,1,0,0,0,0
1070,CVE-2021-27515,1,0,0,0,1,0
1071,CVE-2018-3774,1,0,0,0,0,0
1072,CVE-2021-41597,0,0,0,0,0,0
1073,CVE-2021-41596,0,0,0,0,0,0
1074,CVE-2021-41595,0,0,0,0,0,0
1075,CVE-2021-41869,0,0,0,0,0,0
1076,CVE-2021-25961,1,0,0,0,0,0
1077,CVE-2021-25960,1,0,0,0,0,0
1078,CVE-2021-39268,0,0,0,0,0,0
1079,CVE-2021-39267,0,0,0,0,0,0
1080,CVE-2021-31792,0,0,0,0,0,0
1081,CVE-2015-5947,1,1,0,0,0,0
1082,CVE-2015-5948,1,1,0,0,0,0
1083,CVE-2022-23650,1,0,0,1,1,0
1084,CVE-2022-24751,1,0,0,1,0,0
1085,CVE-2022-23656,1,0,0,1,0,0
1086,CVE-2022-21706,1,0,0,1,0,0
1087,CVE-2021-43799,1,0,1,1,0,0
1088,CVE-2021-43791,1,0,0,1,0,0
1089,CVE-2021-41115,1,0,0,1,0,0
1090,CVE-2019-18933,1,0,0,0,0,0
1091,CVE-2019-19775,1,0,0,0,0,0
1092,CVE-2017-0910,1,0,0,0,0,0
1093,CVE-2017-0881,1,0,0,0,0,0
1094,CVE-2017-0896,1,0,0,0,0,0
1095,CVE-2019-16216,1,0,0,0,0,0
1096,CVE-2019-16215,1,0,0,0,0,0
1097,CVE-2022-26276,0,1,0,0,0,0
1098,CVE-2021-38712,0,1,0,0,0,0
1099,CVE-2021-38138,0,1,1,0,0,0
1100,CVE-2021-43091,1,0,0,0,0,1
1101,CVE-2018-1000641,0,1,0,0,0,0
1102,CVE-2021-41125,1,0,0,1,0,0
1103,CVE-2017-14158,0,1,0,0,0,0
1104,CVE-2021-25973,1,0,0,0,0,0
1105,CVE-2021-25975,1,0,0,0,0,0
1106,CVE-2021-25974,1,0,0,0,0,0
1107,CVE-2022-21704,0,0,0,1,1,0
1108,CVE-2021-44299,0,1,0,0,0,0
1109,CVE-2021-44351,0,1,0,0,0,0
1110,CVE-2021-36455,0,1,0,0,0,0
1111,CVE-2021-36454,0,1,0,0,0,0
1112,CVE-2021-37478,0,1,0,0,0,0
1113,CVE-2020-23242,0,1,0,0,0,0
1114,CVE-2020-23243,0,1,0,0,0,0
1115,CVE-2021-37475,0,1,0,0,0,0
1116,CVE-2021-37476,0,1,0,0,0,0
1117,CVE-2021-37477,0,1,0,0,0,0
1118,CVE-2021-37473,0,1,0,0,0,0
1119,CVE-2020-23711,0,1,0,0,0,0
1120,CVE-2020-23654,0,1,0,0,0,0
1121,CVE-2020-23655,0,1,0,0,0,0
1122,CVE-2020-23656,0,1,0,0,0,0
1123,CVE-2020-23657,0,1,0,0,0,0
1124,CVE-2020-14927,0,1,0,0,0,0
1125,CVE-2020-14067,1,0,0,0,0,0
1126,CVE-2020-13795,1,0,0,0,0,0
1127,CVE-2020-13796,1,0,0,0,0,0
1128,CVE-2020-13797,1,0,0,0,0,0
1129,CVE-2020-13798,1,0,0,0,0,0
1130,CVE-2018-17553,1,0,0,0,1,0
1131,CVE-2018-17552,1,0,0,0,1,0
1132,CVE-2020-28457,1,1,1,0,0,0
1133,CVE-2021-44111,0,1,0,0,0,0
1134,CVE-2021-44981,0,1,0,0,0,0
1135,CVE-2021-23484,1,0,0,0,0,0
1136,CVE-2021-23495,1,0,0,0,0,0
1137,CVE-2022-24307,0,0,1,0,0,0
1138,CVE-2022-24737,1,0,1,1,0,0
1139,CVE-2022-23654,1,0,0,1,0,0
1140,CVE-2021-43856,1,0,1,1,0,0
1141,CVE-2021-43855,1,0,1,1,0,0
1142,CVE-2021-25993,1,0,0,0,0,0
1143,CVE-2021-43842,1,0,1,1,0,0
1144,CVE-2021-43800,1,0,1,1,0,0
1145,CVE-2021-21383,1,0,1,1,0,0
1146,CVE-2020-15274,1,0,0,1,0,0
1147,CVE-2020-15236,1,0,0,1,0,0
1148,CVE-2020-4052,1,0,0,1,0,0
1149,CVE-2020-11051,1,0,0,1,0,0
1150,CVE-2021-27885,1,0,1,0,0,0
1151,CVE-2018-11734,0,1,0,0,0,0
1152,CVE-2018-17423,0,1,0,0,0,0
1153,CVE-2018-16388,1,0,0,0,0,0
1154,CVE-2018-16389,1,0,0,0,0,0
1155,CVE-2014-4734,1,0,0,0,0,0
1156,CVE-2018-11127,0,1,0,0,0,0
1157,CVE-2015-1041,0,1,0,0,0,0
1158,CVE-2017-8098,1,0,0,0,0,0
1159,CVE-2014-9459,1,0,0,0,0,0
1160,CVE-2021-3737,0,0,0,0,1,0
1161,CVE-2021-3733,1,0,0,0,1,0
1162,CVE-2021-23336,0,0,0,0,1,0
1163,CVE-2021-3177,0,0,0,0,1,0
1164,CVE-2021-29921,0,0,0,0,1,0
1165,CVE-2020-8492,0,0,0,0,1,0
1166,CVE-2019-20907,0,0,0,0,1,0
1167,CVE-2020-14422,0,0,0,0,1,0
1168,CVE-2020-15523,0,0,0,0,1,0
1169,CVE-2020-15801,0,0,0,0,1,0
1170,CVE-2020-27619,1,0,0,0,0,0
1171,CVE-2019-16935,0,0,0,0,1,0
1172,CVE-2019-10160,1,0,0,0,0,0
1173,CVE-2018-1000802,0,0,0,0,1,0
1174,CVE-2018-20406,1,0,0,0,0,0
1175,CVE-2019-9636,0,0,0,0,1,0
1176,CVE-2019-16056,1,0,0,0,0,0
1177,CVE-2019-9948,0,0,0,0,1,0
1178,CVE-2019-9674,0,0,0,0,0,0
1179,CVE-2019-19275,1,0,0,0,0,0
1180,CVE-2019-19274,1,0,0,0,0,0
1181,CVE-2018-1000117,0,0,0,0,1,0
1182,CVE-2022-22868,0,1,0,0,0,0
1183,CVE-2021-40214,0,0,1,0,0,0
1184,CVE-2021-40888,0,1,1,0,0,0
1185,CVE-2021-40887,0,1,0,0,0,0
1186,CVE-2021-40886,0,1,0,0,0,0
1187,CVE-2021-40884,0,1,0,0,0,0
1188,CVE-2019-11378,0,1,0,0,0,0
1189,CVE-2020-28874,1,0,1,0,0,0
1190,CVE-2016-9835,0,1,0,0,0,0
1191,CVE-2016-10750,0,1,0,0,1,0
1192,CVE-2021-32106,0,0,0,0,0,0
1193,CVE-2021-44550,0,1,0,0,0,0
1194,CVE-2020-15168,0,0,0,1,0,0
1195,CVE-2021-36150,0,0,1,0,0,0
1196,CVE-2019-16409,0,0,0,0,0,0
1197,CVE-2017-14498,1,0,0,0,0,0
1198,CVE-2020-28496,0,1,0,0,1,0
1199,CVE-2020-19138,0,1,0,0,0,0
1200,CVE-2020-18875,0,1,0,0,0,0
1201,CVE-2021-35358,0,1,0,0,0,0
1202,CVE-2021-35360,0,1,0,0,0,0
1203,CVE-2021-35361,0,1,0,0,0,0
1204,CVE-2020-17542,0,1,0,0,0,0
1205,CVE-2020-27848,0,1,0,0,0,0
1206,CVE-2020-6754,0,1,0,0,0,0
1207,CVE-2019-12872,0,1,0,0,0,0
1208,CVE-2019-12309,0,0,0,0,0,0
1209,CVE-2017-5877,0,1,0,0,0,0
1210,CVE-2017-5876,0,1,0,0,0,0
1211,CVE-2017-5875,0,1,0,0,0,0
1212,CVE-2018-17422,0,1,0,0,0,0
1213,CVE-2018-16980,0,1,0,0,0,0
1214,CVE-2017-11466,0,1,0,0,0,0
1215,CVE-2016-2355,0,1,0,0,0,0
1216,CVE-2016-8906,0,0,0,0,1,0
1217,CVE-2016-8905,0,0,0,0,1,0
1218,CVE-2016-8904,0,0,0,0,1,0
1219,CVE-2016-8903,0,0,0,0,1,0
1220,CVE-2016-8902,0,0,0,0,1,0
1221,CVE-2016-8907,0,0,0,0,1,0
1222,CVE-2016-8908,0,0,0,0,1,0
1223,CVE-2016-8600,0,1,0,0,0,0
1224,CVE-2016-4040,1,1,0,0,0,0
1225,CVE-2018-6382,0,0,0,0,0,0
1226,CVE-2006-0806,0,0,0,0,0,0
1227,CVE-2006-4785,0,0,0,0,0,0
1228,CVE-2006-4618,0,0,0,0,0,0
1229,CVE-2007-2278,0,0,0,0,0,0
1230,CVE-2006-7181,0,0,0,0,0,0
1231,CVE-2016-7405,1,1,0,0,0,0
1232,CVE-2016-4855,0,1,0,0,0,0
1233,CVE-2010-4948,0,0,0,0,0,0
1234,CVE-2022-23590,1,0,0,1,0,0
1235,CVE-2022-23594,0,0,0,1,0,0
1236,CVE-2022-23589,1,0,0,1,0,0
1237,CVE-2022-23588,1,0,0,1,0,0
1238,CVE-2022-23587,1,0,0,1,0,0
1239,CVE-2022-23586,1,0,0,1,0,0
1240,CVE-2022-23585,1,0,0,1,0,0
1241,CVE-2022-23584,1,0,0,1,0,0
1242,CVE-2022-23583,1,0,0,1,0,0
1243,CVE-2022-23572,1,0,0,1,0,0
1244,CVE-2022-23571,1,0,0,1,0,0
1245,CVE-2022-23570,1,0,0,1,0,0
1246,CVE-2022-23566,1,0,0,1,0,0
1247,CVE-2022-23575,1,0,0,1,0,0
1248,CVE-2022-23574,1,0,0,1,0,0
1249,CVE-2022-23573,1,0,0,1,0,0
1250,CVE-2022-23578,1,0,0,1,0,0
1251,CVE-2022-23577,1,0,0,1,0,0
1252,CVE-2022-23576,1,0,0,1,0,0
1253,CVE-2022-23582,1,0,0,1,0,0
1254,CVE-2022-23592,1,0,0,1,0,0
1255,CVE-2022-23595,1,0,0,1,0,0
1256,CVE-2022-23593,1,0,0,1,0,0
1257,CVE-2022-23591,1,0,0,1,0,0
1258,CVE-2022-23581,1,0,0,1,0,0
1259,CVE-2022-23580,1,0,0,1,0,0
1260,CVE-2022-23579,1,0,0,1,0,0
1261,CVE-2022-23557,1,0,0,1,0,0
1262,CVE-2022-23560,1,0,0,1,0,0
1263,CVE-2022-23559,1,0,0,1,0,0
1264,CVE-2022-23558,1,0,0,1,0,0
1265,CVE-2022-23562,1,1,0,1,1,0
1266,CVE-2022-23561,1,0,0,1,0,0
1267,CVE-2022-23564,1,0,0,1,0,0
1268,CVE-2022-23565,1,0,0,1,0,0
1269,CVE-2022-21741,1,0,0,1,0,0
1270,CVE-2022-21740,1,0,0,1,0,0
1271,CVE-2022-21739,1,0,0,1,0,0
1272,CVE-2022-21738,1,0,0,1,0,0
1273,CVE-2022-21737,1,0,0,1,0,0
1274,CVE-2022-23569,0,0,0,1,0,0
1275,CVE-2022-21735,1,0,0,1,0,0
1276,CVE-2022-21734,1,0,0,1,0,0
1277,CVE-2022-21729,1,0,0,1,0,0
1278,CVE-2022-21725,1,0,0,1,0,0
1279,CVE-2022-23568,1,0,0,1,0,0
1280,CVE-2022-23567,1,0,0,1,0,0
1281,CVE-2022-21736,1,0,0,1,0,0
1282,CVE-2022-21733,1,0,0,1,0,0
1283,CVE-2022-21732,1,0,0,1,0,0
1284,CVE-2022-21731,1,0,0,1,0,0
1285,CVE-2022-21730,1,0,0,1,0,0
1286,CVE-2022-21728,1,0,0,1,0,0
1287,CVE-2022-21727,1,0,0,1,0,0
1288,CVE-2022-21726,1,0,0,1,0,0
1289,CVE-2020-15213,1,0,1,1,0,0
1290,CVE-2020-15210,1,0,1,1,0,0
1291,CVE-2020-15207,1,0,1,1,0,0
1292,CVE-2020-15205,1,0,1,1,0,0
1293,CVE-2020-15203,1,0,1,1,0,0
1294,CVE-2020-15202,1,0,1,1,0,0
1295,CVE-2020-15201,1,0,1,1,0,0
1296,CVE-2020-15200,1,0,1,1,0,0
1297,CVE-2020-15199,1,0,1,1,0,0
1298,CVE-2020-15198,1,0,1,1,0,0
1299,CVE-2020-15196,1,0,1,1,0,0
1300,CVE-2020-15195,1,0,1,1,0,0
1301,CVE-2020-15193,1,0,1,1,0,0
1302,CVE-2020-15192,1,0,1,1,0,0
1303,CVE-2020-15191,1,0,1,1,0,0
1304,CVE-2020-15190,1,0,1,1,0,0
1305,CVE-2020-15266,0,1,0,1,1,0
1306,CVE-2021-41225,1,0,0,1,0,0
1307,CVE-2021-41222,1,0,0,1,0,0
1308,CVE-2021-41221,1,0,0,1,0,0
1309,CVE-2021-41227,1,0,0,1,0,0
1310,CVE-2021-41220,1,0,0,1,0,0
1311,CVE-2021-41228,1,0,0,1,0,0
1312,CVE-2021-41218,1,0,0,1,0,0
1313,CVE-2021-41209,1,0,0,1,0,0
1314,CVE-2021-41208,1,0,0,1,0,0
1315,CVE-2021-41207,1,0,0,1,0,0
1316,CVE-2021-41206,1,0,0,1,0,0
1317,CVE-2021-41200,1,1,0,1,0,0
1318,CVE-2021-41199,1,1,0,1,0,0
1319,CVE-2021-41215,1,0,0,1,0,0
1320,CVE-2021-41214,1,0,0,1,0,0
1321,CVE-2021-41219,1,0,0,1,0,0
1322,CVE-2021-41217,1,0,0,1,0,0
1323,CVE-2021-41210,1,0,0,1,0,0
1324,CVE-2021-41201,1,0,0,1,0,0
1325,CVE-2021-41216,1,0,0,1,0,0
1326,CVE-2021-41213,1,0,0,1,0,0
1327,CVE-2021-41204,1,0,0,1,0,0
1328,CVE-2021-41203,1,0,0,1,0,0
1329,CVE-2021-41223,1,0,0,1,0,0
1330,CVE-2021-41224,1,0,0,1,0,0
1331,CVE-2021-41212,1,0,0,1,0,0
1332,CVE-2021-41226,1,0,0,1,0,0
1333,CVE-2021-41211,1,0,0,1,0,0
1334,CVE-2021-41205,1,0,0,1,0,0
1335,CVE-2021-41202,1,1,0,1,0,0
1336,CVE-2021-41198,1,1,0,1,0,0
1337,CVE-2021-41197,1,1,0,1,0,0
1338,CVE-2021-41196,1,1,0,1,0,0
1339,CVE-2021-41195,1,1,0,1,1,0
1340,CVE-2019-16778,1,0,0,1,0,0
1341,CVE-2020-15204,1,0,1,1,0,0
1342,CVE-2020-15206,1,0,1,1,0,0
1343,CVE-2020-15208,1,0,1,1,0,0
1344,CVE-2020-15209,1,0,1,1,0,0
1345,CVE-2020-15211,1,0,1,1,0,0
1346,CVE-2021-37692,1,0,0,1,1,0
1347,CVE-2021-37690,1,0,0,1,0,0
1348,CVE-2021-37668,1,0,0,1,0,0
1349,CVE-2021-37665,1,0,0,1,0,0
1350,CVE-2021-37663,1,0,0,1,0,0
1351,CVE-2021-37672,1,0,0,1,0,0
1352,CVE-2021-37670,1,0,0,1,0,0
1353,CVE-2021-37669,1,0,0,1,0,0
1354,CVE-2021-37677,1,0,0,1,0,0
1355,CVE-2021-37674,1,0,0,1,0,0
1356,CVE-2021-37673,1,0,0,1,0,0
1357,CVE-2021-37679,1,0,0,1,0,0
1358,CVE-2021-37678,1,0,0,1,0,0
1359,CVE-2021-37682,1,0,0,1,0,0
1360,CVE-2021-37685,1,0,0,1,0,0
1361,CVE-2021-37684,0,0,0,1,0,0
1362,CVE-2021-37683,1,0,0,1,0,0
1363,CVE-2021-37691,1,0,0,1,0,0
1364,CVE-2021-37687,1,0,0,1,0,0
1365,CVE-2021-37688,1,0,0,1,0,0
1366,CVE-2021-37689,1,0,0,1,0,0
1367,CVE-2021-37658,1,0,0,1,0,0
1368,CVE-2021-37661,1,0,0,1,0,0
1369,CVE-2021-37662,1,0,0,1,0,0
1370,CVE-2021-37664,1,0,0,1,0,0
1371,CVE-2021-37648,1,0,0,1,0,0
1372,CVE-2021-37675,1,0,0,1,0,0
1373,CVE-2021-37671,1,0,0,1,0,0
1374,CVE-2021-37667,1,0,0,1,0,0
1375,CVE-2021-37666,1,0,0,1,0,0
1376,CVE-2021-37652,1,0,0,1,0,0
1377,CVE-2021-37686,1,0,0,1,0,0
1378,CVE-2021-37681,1,0,0,1,0,0
1379,CVE-2021-37680,1,0,0,1,0,0
1380,CVE-2021-37676,1,0,0,1,0,0
1381,CVE-2021-37640,1,0,0,1,0,0
1382,CVE-2021-37636,1,0,0,1,0,0
1383,CVE-2021-37642,1,0,0,1,0,0
1384,CVE-2021-37639,1,0,0,1,0,0
1385,CVE-2021-37638,1,0,0,1,0,0
1386,CVE-2021-37637,1,0,0,1,0,0
1387,CVE-2021-37660,1,0,0,1,0,0
1388,CVE-2021-37653,1,0,0,1,0,0
1389,CVE-2021-37641,1,0,0,1,0,0
1390,CVE-2021-37635,1,0,0,1,0,0
1391,CVE-2021-37649,1,0,0,1,0,0
1392,CVE-2021-37647,1,0,0,1,0,0
1393,CVE-2021-37643,1,0,0,1,0,0
1394,CVE-2021-37646,1,0,0,1,0,0
1395,CVE-2021-37645,1,0,0,1,0,0
1396,CVE-2021-37644,1,0,0,1,0,0
1397,CVE-2021-37650,1,0,0,1,0,0
1398,CVE-2021-37651,1,0,0,1,0,0
1399,CVE-2021-37654,1,0,0,1,0,0
1400,CVE-2021-37655,1,0,0,1,0,0
1401,CVE-2021-37659,1,0,0,1,0,0
1402,CVE-2021-37656,1,0,0,1,0,0
1403,CVE-2021-37657,1,0,0,1,0,0
1404,CVE-2020-26267,1,0,0,1,0,0
1405,CVE-2021-35958,0,0,0,0,0,0
1406,CVE-2020-15194,1,0,1,1,0,0
1407,CVE-2020-15197,1,0,1,1,0,0
1408,CVE-2020-26269,1,0,0,1,0,0
1409,CVE-2020-15212,1,0,1,1,0,0
1410,CVE-2020-15214,1,0,1,1,0,0
1411,CVE-2020-15265,1,1,0,1,0,0
1412,CVE-2021-29533,1,0,0,1,0,0
1413,CVE-2021-29534,1,0,0,1,0,0
1414,CVE-2021-29538,1,0,0,1,0,0
1415,CVE-2021-29539,1,0,0,1,0,0
1416,CVE-2021-29543,1,0,0,1,0,0
1417,CVE-2021-29544,1,0,0,1,0,0
1418,CVE-2021-29545,1,0,0,1,0,0
1419,CVE-2021-29547,1,0,0,1,0,0
1420,CVE-2021-29549,1,0,0,1,0,0
1421,CVE-2021-29550,1,0,0,1,0,0
1422,CVE-2021-29551,1,0,0,1,0,0
1423,CVE-2021-29552,1,0,0,1,0,0
1424,CVE-2021-29556,1,0,0,1,0,0
1425,CVE-2021-29563,1,0,0,1,0,0
1426,CVE-2021-29617,1,0,0,1,0,0
1427,CVE-2021-29618,1,0,0,1,0,0
1428,CVE-2021-29610,1,0,0,1,0,0
1429,CVE-2021-29608,1,0,0,1,0,0
1430,CVE-2021-29595,1,0,0,1,0,0
1431,CVE-2021-29616,1,0,0,1,0,0
1432,CVE-2021-29583,1,0,0,1,0,0
1433,CVE-2021-29566,1,0,0,1,0,0
1434,CVE-2021-29585,1,0,0,1,0,0
1435,CVE-2021-29587,1,0,0,1,0,0
1436,CVE-2021-29589,1,0,0,1,0,0
1437,CVE-2021-29571,1,0,0,1,0,0
1438,CVE-2021-29568,1,0,0,1,0,0
1439,CVE-2021-29560,1,0,0,1,0,0
1440,CVE-2021-29558,1,0,0,1,0,0
1441,CVE-2021-29546,1,0,0,1,0,0
1442,CVE-2021-29540,1,0,0,1,0,0
1443,CVE-2021-29537,1,0,0,1,0,0
1444,CVE-2021-29536,1,0,0,1,0,0
1445,CVE-2021-29535,1,0,0,1,0,0
1446,CVE-2021-29513,1,0,0,1,0,0
1447,CVE-2021-29514,1,0,0,1,0,0
1448,CVE-2021-29532,1,0,0,1,0,0
1449,CVE-2021-29553,1,0,0,1,0,0
1450,CVE-2021-29614,1,0,0,1,0,0
1451,CVE-2021-29519,1,0,0,1,0,0
1452,CVE-2021-29521,1,0,0,1,0,0
1453,CVE-2021-29522,1,0,0,1,0,0
1454,CVE-2021-29523,1,0,0,1,0,0
1455,CVE-2021-29565,1,0,0,1,0,0
1456,CVE-2021-29564,1,0,0,1,0,0
1457,CVE-2021-29609,1,0,0,1,0,0
1458,CVE-2021-29515,1,0,0,1,0,0
1459,CVE-2021-29517,1,0,0,1,0,0
1460,CVE-2021-29529,1,0,0,1,0,0
1461,CVE-2021-29524,1,0,0,1,0,0
1462,CVE-2021-29541,1,0,0,1,0,0
1463,CVE-2021-29526,1,0,0,1,0,0
1464,CVE-2021-29528,1,0,0,1,0,0
1465,CVE-2021-29516,1,0,0,1,0,0
1466,CVE-2021-29554,1,0,0,1,0,0
1467,CVE-2021-29601,1,0,0,1,0,0
1468,CVE-2021-29518,1,0,0,1,0,0
1469,CVE-2021-29520,1,0,0,1,0,0
1470,CVE-2021-29530,1,0,0,1,0,0
1471,CVE-2021-29527,1,0,0,1,0,0
1472,CVE-2021-29531,1,0,0,1,0,0
1473,CVE-2021-29578,1,0,0,1,0,0
1474,CVE-2021-29579,1,0,0,1,0,0
1475,CVE-2021-29582,1,0,0,1,0,0
1476,CVE-2021-29584,1,0,0,1,0,0
1477,CVE-2021-29577,1,0,0,1,0,0
1478,CVE-2021-29576,1,0,0,1,0,0
1479,CVE-2021-29548,1,0,0,1,0,0
1480,CVE-2021-29572,1,0,0,1,0,0
1481,CVE-2021-29581,1,0,0,1,0,0
1482,CVE-2021-29569,1,0,0,1,0,0
1483,CVE-2021-29573,1,0,0,1,0,0
1484,CVE-2021-29580,1,0,0,1,0,0
1485,CVE-2021-29600,1,0,0,1,0,0
1486,CVE-2021-29512,1,0,0,1,0,0
1487,CVE-2021-29567,1,0,0,1,0,0
1488,CVE-2021-29586,1,0,0,1,0,0
1489,CVE-2021-29525,1,0,0,1,0,0
1490,CVE-2021-29597,1,0,0,1,0,0
1491,CVE-2021-29598,1,0,0,1,0,0
1492,CVE-2021-29594,1,0,0,1,0,0
1493,CVE-2021-29593,1,0,0,1,0,0
1494,CVE-2021-29592,1,0,0,1,0,0
1495,CVE-2021-29596,1,0,0,1,0,0
1496,CVE-2021-29591,1,0,0,1,0,0
1497,CVE-2021-29590,1,0,0,1,0,0
1498,CVE-2021-29588,1,0,0,1,0,0
1499,CVE-2021-29599,1,0,0,1,0,0
1500,CVE-2021-29574,1,0,0,1,0,0
1501,CVE-2021-29562,1,0,0,1,0,0
1502,CVE-2021-29561,1,0,0,1,0,0
1503,CVE-2021-29559,1,0,0,1,0,0
1504,CVE-2021-29557,1,0,0,1,0,0
1505,CVE-2021-29555,1,0,0,1,0,0
1506,CVE-2021-29542,1,0,0,1,0,0
1507,CVE-2021-29570,1,0,0,1,0,0
1508,CVE-2021-29575,1,0,0,1,0,0
1509,CVE-2021-29611,1,0,0,1,0,0
1510,CVE-2021-29612,1,0,0,1,0,0
1511,CVE-2021-29613,1,0,0,1,0,0
1512,CVE-2021-29615,1,0,0,1,0,0
1513,CVE-2021-29619,1,0,0,1,0,0
1514,CVE-2021-29602,1,0,0,1,0,0
1515,CVE-2021-29603,1,0,0,1,0,0
1516,CVE-2021-29604,1,0,0,1,0,0
1517,CVE-2021-29605,1,0,0,1,0,0
1518,CVE-2021-29607,1,0,0,1,0,0
1519,CVE-2021-29606,1,0,0,1,0,0
1520,CVE-2020-26271,1,0,0,1,0,0
1521,CVE-2020-26266,1,0,0,1,0,0
1522,CVE-2020-26268,1,0,0,1,0,0
1523,CVE-2020-26270,1,0,0,1,0,0
1524,CVE-2018-21233,1,0,0,0,0,0
1525,CVE-2020-5215,1,0,1,1,0,0
1526,CVE-2018-10055,0,0,0,0,0,0
1527,CVE-2018-7577,0,0,0,0,0,0
1528,CVE-2018-7575,0,0,0,0,0,0
1529,CVE-2019-9635,0,0,0,0,0,0
1530,CVE-2018-8825,0,0,0,0,0,0
1531,CVE-2018-7576,0,0,0,0,0,0
1532,CVE-2022-24773,1,0,0,1,0,0
1533,CVE-2022-24772,1,0,0,1,0,0
1534,CVE-2022-24771,1,0,0,1,0,0
1535,CVE-2020-7720,0,0,0,0,0,0
1536,CVE-2021-42584,1,1,0,0,0,0
1537,CVE-2020-28896,1,0,1,0,0,0
1538,CVE-2021-32055,1,0,0,0,0,0
1539,CVE-2018-14354,1,0,0,0,0,0
1540,CVE-2018-14357,1,0,0,0,0,0
1541,CVE-2020-14954,1,0,1,0,0,0
1542,CVE-2018-14363,1,0,0,0,0,0
1543,CVE-2018-14349,1,0,0,0,0,0
1544,CVE-2018-14350,1,0,0,0,0,0
1545,CVE-2018-14351,1,0,0,0,0,0
1546,CVE-2018-14352,1,0,0,0,0,0
1547,CVE-2018-14353,1,0,0,0,0,0
1548,CVE-2018-14355,1,0,0,0,0,0
1549,CVE-2018-14356,1,0,0,0,0,0
1550,CVE-2018-14358,1,0,0,0,0,0
1551,CVE-2018-14362,1,0,0,0,0,0
1552,CVE-2018-14361,1,0,0,0,0,0
1553,CVE-2018-14360,1,0,0,0,0,0
1554,CVE-2018-14359,1,0,0,0,0,0
1555,CVE-2021-32624,0,0,0,1,0,0
1556,CVE-2017-15881,0,1,0,0,1,0
1557,CVE-2017-16570,0,1,0,0,1,0
1558,CVE-2017-15879,0,0,0,0,1,0
1559,CVE-2017-15878,0,0,0,0,1,0
1560,CVE-2022-0730,0,1,0,0,0,0
1561,CVE-2020-7106,0,1,0,0,0,0
1562,CVE-2020-23226,0,1,0,0,0,0
1563,CVE-2020-13230,0,1,1,0,0,0
1564,CVE-2019-11025,0,1,0,0,0,0
1565,CVE-2018-10061,0,1,0,0,0,0
1566,CVE-2018-10060,0,1,0,0,0,0
1567,CVE-2020-14424,0,0,0,0,1,0
1568,CVE-2020-14295,0,1,0,0,0,0
1569,CVE-2020-35701,0,1,0,0,0,0
1570,CVE-2020-25706,1,1,0,0,0,0
1571,CVE-2019-17358,1,1,0,0,0,0
1572,CVE-2020-13231,0,1,1,0,0,0
1573,CVE-2019-17357,0,1,0,0,0,0
1574,CVE-2018-20726,1,1,0,0,0,0
1575,CVE-2018-20725,1,1,0,0,0,0
1576,CVE-2018-20724,1,1,0,0,0,0
1577,CVE-2018-20723,1,1,0,0,0,0
1578,CVE-2020-8813,0,1,1,0,0,0
1579,CVE-2020-7237,0,1,0,0,0,0
1580,CVE-2020-7058,0,1,0,0,0,0
1581,CVE-2019-16723,0,1,0,0,0,0
1582,CVE-2017-12065,1,1,0,0,0,0
1583,CVE-2017-16660,0,1,0,0,0,0
1584,CVE-2017-11163,0,1,0,0,0,0
1585,CVE-2018-10059,0,1,0,0,0,0
1586,CVE-2016-10700,1,0,0,0,0,0
1587,CVE-2017-16641,0,1,0,0,0,0
1588,CVE-2017-16661,0,1,0,0,0,0
1589,CVE-2017-16785,0,1,0,0,0,0
1590,CVE-2017-15194,1,1,0,0,0,0
1591,CVE-2017-12978,1,1,0,0,0,0
1592,CVE-2017-12927,1,1,0,0,0,0
1593,CVE-2017-11691,1,1,0,0,0,0
1594,CVE-2017-12066,1,1,0,0,0,0
1595,CVE-2017-10970,0,1,0,0,0,0
1596,CVE-2017-15730,1,0,0,0,0,0
1597,CVE-2017-15727,1,0,0,0,0,0
1598,CVE-2017-15809,1,0,0,0,0,0
1599,CVE-2017-15808,1,0,0,0,0,0
1600,CVE-2017-15729,1,0,0,0,0,0
1601,CVE-2017-15735,1,0,0,0,0,0
1602,CVE-2017-15734,1,0,0,0,0,0
1603,CVE-2017-15733,1,0,0,0,0,0
1604,CVE-2017-15732,1,0,0,0,0,0
1605,CVE-2017-15731,1,0,0,0,0,0
1606,CVE-2017-15728,1,0,0,0,0,0
1607,CVE-2017-14619,1,0,0,0,0,0
1608,CVE-2017-7579,1,0,0,0,0,0
1609,CVE-2021-43579,1,1,0,0,0,0
1610,CVE-2021-40985,1,1,0,0,0,0
1611,CVE-2022-0534,1,1,0,0,0,0
1612,CVE-2021-23158,1,1,0,0,0,0
1613,CVE-2021-23165,1,1,0,0,0,0
1614,CVE-2021-23206,1,1,0,0,0,0
1615,CVE-2021-23191,1,1,0,0,0,0
1616,CVE-2021-23180,1,1,0,0,0,0
1617,CVE-2021-26948,0,1,0,0,0,0
1618,CVE-2021-26259,1,1,0,0,0,0
1619,CVE-2021-20308,0,1,0,0,0,0
1620,CVE-2019-19630,0,1,0,0,0,0
1621,CVE-2020-28953,1,0,0,0,0,0
1622,CVE-2020-29043,0,0,1,0,0,0
1623,CVE-2020-29042,0,0,1,0,0,0
1624,CVE-2020-28954,1,1,0,0,0,0
1625,CVE-2020-27611,1,0,0,0,0,0
1626,CVE-2020-25820,1,0,0,0,0,0
1627,CVE-2020-12113,0,0,1,0,1,0
1628,CVE-2020-12443,0,0,0,0,1,0
1629,CVE-2020-12112,0,0,0,0,0,0
1630,CVE-2020-24381,0,1,0,0,0,0
1631,CVE-2017-7389,0,1,0,0,0,0
1632,CVE-2018-15474,0,1,0,0,0,0
1633,CVE-2015-2172,1,1,0,0,0,0
1634,CVE-2017-18123,1,1,0,0,1,0
1635,CVE-2014-9253,1,0,0,0,0,0
1636,CVE-2012-2129,1,0,0,0,0,0
1637,CVE-2017-12979,0,1,0,0,0,0
1638,CVE-2017-12980,0,1,0,0,0,0
1639,CVE-2017-12583,0,1,0,0,0,0
1640,CVE-2016-7964,0,1,0,0,0,0
1641,CVE-2016-7965,0,1,0,0,0,0
1642,CVE-2014-8764,0,0,0,0,1,0
1643,CVE-2014-8763,0,0,0,0,1,0
1644,CVE-2014-8762,0,1,0,0,0,0
1645,CVE-2014-8761,0,1,0,0,0,0
1646,CVE-2021-26716,0,1,0,0,0,0
1647,CVE-2017-5964,0,1,0,0,0,0
1648,CVE-2019-1010008,0,1,0,0,0,0
1649,CVE-2017-12424,1,0,0,0,0,0
1650,CVE-2019-19882,1,0,0,0,1,0
1651,CVE-2016-6252,0,1,0,0,0,0
1652,CVE-2020-13899,0,0,0,0,1,0
1653,CVE-2020-13900,0,0,0,0,1,0
1654,CVE-2020-13898,0,0,0,0,1,0
1655,CVE-2020-13901,0,0,0,0,1,0
1656,CVE-2020-14033,0,0,0,0,1,0
1657,CVE-2020-14034,0,0,0,0,1,0
1658,CVE-2020-10575,0,0,0,0,1,0
1659,CVE-2020-10573,0,0,0,0,1,0
1660,CVE-2020-10574,0,0,0,0,1,0
1661,CVE-2020-10577,0,0,0,0,1,0
1662,CVE-2020-10576,0,0,0,0,1,0
1663,CVE-2021-43829,1,0,0,1,0,1
1664,CVE-2021-43828,0,0,0,1,0,1
1665,CVE-2021-43847,0,0,1,1,1,1
1666,CVE-2019-9093,0,0,0,0,0,0
1667,CVE-2019-9094,0,0,0,0,0,0
1668,CVE-2014-9528,1,0,0,0,0,0
1669,CVE-2016-1229,0,0,1,0,0,0
1670,CVE-2018-18921,0,1,0,0,0,0
1671,CVE-2021-43854,1,1,0,1,1,0
1672,CVE-2019-14751,1,0,0,0,0,0
1673,CVE-2021-44144,0,1,0,0,0,0
1674,CVE-2019-11016,0,0,1,0,0,0
1675,CVE-2013-0234,1,0,0,0,0,0
1676,CVE-2020-21244,0,1,0,0,0,0
1677,CVE-2018-1000890,0,1,0,0,0,0
1678,CVE-2019-5720,0,1,0,0,0,0
1679,CVE-2019-15481,0,0,1,0,1,0
1680,CVE-2017-1000213,1,0,0,0,0,0
1681,CVE-2019-14671,1,1,0,0,0,0
1682,CVE-2019-14672,1,1,0,0,0,0
1683,CVE-2019-14667,1,1,0,0,0,0
1684,CVE-2019-14668,1,1,0,0,0,0
1685,CVE-2019-14669,1,1,0,0,0,0
1686,CVE-2019-14670,1,1,0,0,0,0
1687,CVE-2019-13647,0,1,0,0,0,0
1688,CVE-2019-13646,0,1,0,0,0,0
1689,CVE-2019-13645,0,1,0,0,0,0
1690,CVE-2019-13644,0,1,0,0,0,0
1691,CVE-2021-33898,0,1,0,0,0,0
1692,CVE-2017-1000466,0,1,0,0,0,0
1693,CVE-2020-5292,1,0,0,1,1,0
1694,CVE-2021-41273,1,0,0,1,0,0
1695,CVE-2021-41176,1,0,1,1,0,0
1696,CVE-2021-41129,1,0,1,1,0,0
1697,CVE-2019-1020002,0,0,0,1,0,0
1698,CVE-2018-11569,0,0,1,0,0,0
1699,CVE-2018-12628,0,0,1,0,0,0
1700,CVE-2018-12623,0,0,1,0,0,0
1701,CVE-2018-12625,0,0,1,0,0,0
1702,CVE-2018-12626,0,0,1,0,0,0
1703,CVE-2018-12622,0,0,1,0,0,0
1704,CVE-2018-12627,0,0,1,0,0,0
1705,CVE-2018-12621,0,0,1,0,0,0
1706,CVE-2018-12624,0,0,1,0,0,0
1707,CVE-2018-16761,0,0,1,0,0,0
1708,CVE-2020-12889,1,0,0,0,0,0
1709,CVE-2021-41260,1,0,0,1,0,0
1710,CVE-2021-41261,1,0,0,1,0,0
1711,CVE-2021-41262,1,0,0,1,0,0
1712,CVE-2021-21319,1,0,0,1,0,0
1713,CVE-2021-3769,1,0,0,0,0,0
1714,CVE-2021-3727,1,0,0,0,0,0
1715,CVE-2021-3726,1,0,0,0,0,0
1716,CVE-2021-3725,1,0,0,0,0,0
1717,CVE-2019-17494,0,1,0,0,0,0
1718,CVE-2019-20008,0,1,1,0,0,0
1719,CVE-2020-6860,0,1,0,0,0,0
1720,CVE-2020-36150,0,1,0,0,0,0
1721,CVE-2020-36152,0,1,0,0,0,0
1722,CVE-2020-36151,0,1,0,0,0,0
1723,CVE-2020-36149,0,1,0,0,0,0
1724,CVE-2020-36148,0,1,0,0,0,0
1725,CVE-2019-16095,0,0,0,0,0,0
1726,CVE-2019-16094,0,0,0,0,0,0
1727,CVE-2019-16093,0,0,0,0,0,0
1728,CVE-2019-16092,0,0,0,0,0,0
1729,CVE-2019-16091,0,0,0,0,0,0
1730,CVE-2019-20016,1,1,0,0,0,0
1731,CVE-2019-20063,0,1,0,0,0,0
1732,CVE-2019-10672,1,0,1,0,0,0
1733,CVE-2021-41253,1,0,0,1,0,1
1734,CVE-2021-46398,1,0,0,0,0,0
1735,CVE-2021-37794,1,0,0,0,0,0
1736,CVE-2018-13980,0,0,0,0,0,0
1737,CVE-2020-29587,0,1,0,0,0,0
1738,CVE-2022-21651,1,0,0,1,0,0
1739,CVE-2022-21652,1,0,0,1,0,0
1740,CVE-2021-41188,1,0,1,1,0,0
1741,CVE-2021-32712,1,0,0,1,0,0
1742,CVE-2021-32713,1,0,0,1,0,0
1743,CVE-2016-3109,1,0,0,0,0,0
1744,CVE-2019-12277,1,0,0,0,0,0
1745,CVE-2020-22761,0,1,0,0,0,0
1746,CVE-2021-32644,1,0,0,1,0,0
1747,CVE-2020-15153,1,0,1,1,0,0
1748,CVE-2021-21399,0,0,0,1,0,0
1749,CVE-2022-24181,0,1,0,0,0,0
1750,CVE-2019-19909,0,1,0,0,0,0
1751,CVE-2018-12588,1,1,0,0,0,0
1752,CVE-2018-12229,0,1,0,0,0,0
1753,CVE-2018-12030,1,0,0,0,0,0
1754,CVE-2017-10840,0,0,1,0,0,0
1755,CVE-2017-10841,0,0,1,0,0,0
1756,CVE-2021-39608,0,1,0,0,0,0
1757,CVE-2021-39609,0,1,0,0,0,0
1758,CVE-2021-23838,0,0,0,0,0,0
1759,CVE-2021-23837,0,0,0,0,0,0
1760,CVE-2021-23836,0,0,0,0,0,0
1761,CVE-2021-23835,0,0,0,0,0,0
1762,CVE-2019-13961,0,1,0,0,0,0
1763,CVE-2019-10652,0,1,0,0,0,0
1764,CVE-2017-1000428,0,1,0,0,0,0
1765,CVE-2017-9451,1,1,0,0,0,0
1766,CVE-2017-8868,0,1,0,0,0,0
1767,CVE-2017-7879,0,1,0,0,0,0
1768,CVE-2017-7878,0,1,0,0,0,0
1769,CVE-2017-7877,0,1,0,0,0,0
1770,CVE-2020-15120,1,0,0,1,0,0
1771,CVE-2021-3694,1,0,0,0,0,1
1772,CVE-2020-5682,0,0,0,0,0,0
1773,CVE-2021-20619,0,0,0,0,0,0
1774,CVE-2020-5683,0,0,0,0,0,0
1775,CVE-2020-5676,0,0,0,0,0,0
1776,CVE-2020-5677,0,0,0,0,0,0
1777,CVE-2020-5678,0,0,0,0,0,0
1778,CVE-2019-15810,1,0,0,0,0,0
1779,CVE-2021-42216,0,0,0,0,0,1
1780,CVE-2020-27163,1,0,0,0,0,0
1781,CVE-2021-42325,1,0,0,0,0,0
1782,CVE-2020-10235,1,0,0,0,0,0
1783,CVE-2018-1000527,0,1,0,0,0,0
1784,CVE-2020-10236,1,0,0,0,0,0
1785,CVE-2018-12642,1,0,0,0,0,0
1786,CVE-2015-5959,1,0,0,0,0,0
1787,CVE-2016-5100,1,0,0,0,0,0
1788,CVE-2017-1000497,0,1,0,0,0,0
1789,CVE-2020-22609,1,0,0,0,0,0
1790,CVE-2020-22608,1,0,0,0,0,0
1791,CVE-2020-24881,1,0,0,0,0,0
1792,CVE-2020-24917,1,0,0,0,0,0
1793,CVE-2020-16193,0,0,0,0,1,0
1794,CVE-2019-14749,1,0,1,0,0,0
1795,CVE-2020-14012,0,1,0,0,0,0
1796,CVE-2020-12629,1,0,0,0,0,0
1797,CVE-2014-4744,0,0,1,0,0,0
1798,CVE-2019-14748,1,0,1,0,0,0
1799,CVE-2019-14750,1,0,1,0,0,0
1800,CVE-2019-11537,0,0,1,0,1,0
1801,CVE-2015-1176,0,0,1,0,1,0
1802,CVE-2015-1347,1,0,1,0,0,0
1803,CVE-2022-24752,1,0,1,1,1,0
1804,CVE-2022-24742,0,0,1,1,0,0
1805,CVE-2022-24733,0,0,1,1,0,0
1806,CVE-2022-24749,0,0,1,1,0,0
1807,CVE-2022-24743,0,0,1,1,0,0
1808,CVE-2020-15146,0,0,0,1,0,0
1809,CVE-2020-15143,0,0,0,1,0,0
1810,CVE-2020-15245,1,0,0,1,0,0
1811,CVE-2021-32720,0,0,1,1,0,0
1812,CVE-2020-5218,0,0,0,1,0,0
1813,CVE-2020-5220,0,0,0,1,0,0
1814,CVE-2019-12186,0,0,0,0,0,0
1815,CVE-2019-16768,1,0,0,1,0,0
1816,CVE-2021-26813,0,0,0,0,1,0
1817,CVE-2020-11888,0,1,0,0,0,0
1818,CVE-2018-5773,0,1,0,0,0,0
1819,CVE-2020-35848,1,0,0,0,0,0
1820,CVE-2020-35847,1,0,0,0,0,0
1821,CVE-2020-35846,1,0,0,0,0,0
1822,CVE-2020-35131,1,0,1,0,0,0
1823,CVE-2020-14408,0,1,0,0,0,0
1824,CVE-2020-23849,0,1,0,0,0,0
1825,CVE-2021-41083,1,0,0,1,0,0
1826,CVE-2020-35296,0,0,0,0,0,0
1827,CVE-2020-23653,0,1,0,0,0,0
1828,CVE-2020-29315,0,1,0,0,0,0
1829,CVE-2020-25540,0,1,0,0,0,0
1830,CVE-2019-11018,0,1,0,0,0,0
1831,CVE-2021-23434,1,0,0,0,0,0
1832,CVE-2021-32723,0,0,0,1,1,0
1833,CVE-2022-23647,1,0,0,1,1,0
1834,CVE-2021-23341,1,1,0,0,1,0
1835,CVE-2020-15138,0,0,0,1,1,0
1836,CVE-2020-23489,1,0,0,0,0,0
1837,CVE-2020-23490,1,0,0,0,0,0
1838,CVE-2021-21286,0,0,0,1,0,0
1839,CVE-2021-27839,0,0,1,0,0,0
1840,CVE-2021-21260,0,0,1,1,0,0
1841,CVE-2020-35676,0,0,1,0,0,0
1842,CVE-2021-23440,1,0,0,0,1,0
1843,CVE-2021-41175,1,0,1,1,0,0
1844,CVE-2021-32793,0,0,1,1,0,0
1845,CVE-2021-32706,0,0,1,1,0,0
1846,CVE-2020-14971,1,0,0,0,1,0
1847,CVE-2021-29448,0,0,0,1,0,0
1848,CVE-2020-35659,0,0,0,0,1,0
1849,CVE-2020-8816,1,0,1,0,1,0
1850,CVE-2019-13051,1,0,0,0,1,0
1851,CVE-2021-29251,0,0,1,0,0,0
1852,CVE-2021-29248,0,0,1,0,0,0
1853,CVE-2021-29247,0,0,1,0,0,0
1854,CVE-2021-29246,0,0,1,0,0,0
1855,CVE-2021-29245,0,0,1,0,0,0
1856,CVE-2021-29250,0,0,1,0,0,0
1857,CVE-2021-29249,0,0,1,0,0,0
1858,CVE-2020-27388,0,0,0,0,1,0
1859,CVE-2019-14537,1,0,1,0,1,0
1860,CVE-2017-8928,0,0,0,0,1,0
1861,CVE-2021-23444,1,0,1,0,1,0
1862,CVE-2020-28480,0,0,0,0,1,0
1863,CVE-2020-28479,0,0,1,0,0,0
1864,CVE-2021-28379,1,0,0,0,0,0
1865,CVE-2021-39491,0,1,0,0,0,0
1866,CVE-2021-38606,1,0,0,0,0,0
1867,CVE-2020-21784,0,1,0,0,0,0
1868,CVE-2017-15872,1,0,0,0,0,0
1869,CVE-2021-23436,1,0,0,0,0,0
1870,CVE-2020-28477,0,0,0,0,0,0
1871,CVE-2019-10742,0,1,0,0,1,0
1872,CVE-2020-28168,0,1,0,0,0,0
1873,CVE-2019-15521,0,0,1,0,1,0
1874,CVE-2021-25979,1,0,0,0,0,0
1875,CVE-2021-25978,1,0,0,0,0,0
1876,CVE-2021-43693,0,1,0,0,0,0
1877,CVE-2018-1000884,1,0,0,0,0,0
1878,CVE-2019-12792,0,1,0,0,0,0
1879,CVE-2019-12791,0,1,0,0,0,0
1880,CVE-2019-9841,1,0,0,0,0,0
1881,CVE-2018-10686,0,1,0,0,0,0
1882,CVE-2015-2861,1,0,0,0,0,0
1883,CVE-2019-14731,0,1,0,0,0,0
1884,CVE-2020-15148,1,0,0,1,0,0
1885,CVE-2018-6010,1,1,0,0,1,0
1886,CVE-2018-20745,0,1,0,0,0,0
1887,CVE-2018-6009,1,0,0,0,0,0
1888,CVE-2017-11516,0,0,0,0,1,0
1889,CVE-2017-7271,1,0,0,0,1,0
1890,CVE-2015-3397,0,0,0,0,0,0
1891,CVE-2017-5930,0,0,0,0,1,0
1892,CVE-2021-44567,0,0,0,0,0,0
1893,CVE-2021-44566,0,0,0,0,0,0
1894,CVE-2021-44565,0,0,0,0,0,0
1895,CVE-2021-44427,0,0,0,0,0,0
1896,CVE-2020-13278,0,0,0,0,0,0
1897,CVE-2020-15718,0,0,0,0,0,0
1898,CVE-2020-15717,0,0,0,0,0,0
1899,CVE-2020-15716,0,0,0,0,0,0
1900,CVE-2020-15721,0,0,0,0,0,0
1901,CVE-2021-32772,0,0,0,1,0,0
1902,CVE-2018-10916,1,1,0,0,0,0
1903,CVE-2021-27370,0,1,0,0,1,1
1904,CVE-2021-27559,0,1,0,0,1,0
1905,CVE-2021-27371,0,1,0,0,1,0
1906,CVE-2021-27369,0,1,0,0,1,0
1907,CVE-2021-27368,0,1,0,0,1,0
1908,CVE-2020-19316,1,0,0,0,0,0
1909,CVE-2021-43808,1,0,1,1,1,0
1910,CVE-2021-43617,0,0,0,0,0,0
1911,CVE-2021-21263,0,0,0,1,1,0
1912,CVE-2018-6330,0,0,0,0,0,0
1913,CVE-2017-14775,0,0,1,0,1,0
1914,CVE-2020-5257,1,0,0,1,0,0
1915,CVE-2016-10033,0,0,1,0,0,0
1916,CVE-2016-10045,0,0,1,0,0,0
1917,CVE-2021-34551,0,0,0,0,0,0
1918,CVE-2020-36326,1,0,0,0,0,0
1919,CVE-2018-19296,0,0,1,0,0,0
1920,CVE-2020-13625,0,0,1,1,0,0
1921,CVE-2017-11503,0,0,0,0,0,0
1922,CVE-2008-5619,1,0,0,0,0,0
1923,CVE-2018-7662,0,1,0,0,0,0
1924,CVE-2017-5223,0,0,0,0,0,0
1925,CVE-2015-8476,1,0,1,0,0,0
1926,CVE-2021-43683,0,1,0,0,0,0
1927,CVE-2021-34122,0,1,0,0,1,0
1928,CVE-2021-45385,0,1,0,0,1,0
1929,CVE-2021-44957,0,1,0,0,0,0
1930,CVE-2021-44956,0,1,0,0,0,0
1931,CVE-2020-23705,0,1,0,0,0,0
1932,CVE-2020-23851,0,1,0,0,0,0
1933,CVE-2020-23852,0,1,0,0,0,0
1934,CVE-2018-16781,0,1,0,0,0,0
1935,CVE-2019-16352,0,1,0,0,0,0
1936,CVE-2020-15470,0,1,0,0,0,0
1937,CVE-2020-13438,0,1,0,0,0,0
1938,CVE-2020-13439,0,1,0,0,0,0
1939,CVE-2020-13440,0,1,0,0,0,0
1940,CVE-2019-19887,0,1,0,0,0,0
1941,CVE-2019-19888,0,1,0,0,0,0
1942,CVE-2019-16351,0,1,0,0,0,0
1943,CVE-2019-16350,0,1,0,0,0,0
1944,CVE-2020-24617,0,0,0,0,1,0
1945,CVE-2021-33563,0,0,1,0,0,1
1946,CVE-2021-25913,1,0,0,0,0,0
1947,CVE-2022-25352,1,0,0,0,0,0
1948,CVE-2021-23403,0,0,0,0,0,0
1949,CVE-2020-23361,0,1,0,0,0,0
1950,CVE-2020-22251,0,1,0,0,0,0
1951,CVE-2020-23209,0,1,0,0,0,0
1952,CVE-2020-23208,0,1,0,0,0,0
1953,CVE-2020-23207,0,1,0,0,0,0
1954,CVE-2020-23190,0,1,0,0,0,0
1955,CVE-2020-23214,0,1,0,0,0,0
1956,CVE-2020-23217,0,1,0,0,0,0
1957,CVE-2020-23192,0,1,0,0,0,0
1958,CVE-2020-23194,0,1,0,0,0,0
1959,CVE-2020-36398,0,1,0,0,0,0
1960,CVE-2020-36399,0,1,0,0,0,0
1961,CVE-2020-12639,0,0,0,0,0,0
1962,CVE-2022-21705,1,0,0,1,0,0
1963,CVE-2020-15246,1,0,0,1,0,0
1964,CVE-2021-32648,1,0,0,1,0,0
1965,CVE-2021-29487,1,0,0,1,0,0
1966,CVE-2021-21265,1,0,0,1,0,0
1967,CVE-2021-3311,1,0,0,0,0,0
1968,CVE-2020-15249,1,0,0,1,0,0
1969,CVE-2020-5299,1,0,0,1,0,0
1970,CVE-2020-15128,1,0,0,1,1,0
1971,CVE-2017-15284,1,0,0,0,0,0
1972,CVE-2021-29461,0,0,0,1,0,0
1973,CVE-2021-29465,0,0,0,1,0,0
1974,CVE-2021-29466,0,0,0,1,0,0
1975,CVE-2021-21433,1,1,0,1,0,0
1976,CVE-2021-23509,1,0,0,0,1,0
1977,CVE-2020-7766,0,0,0,0,0,0
1978,CVE-2022-27607,0,1,0,0,0,0
1979,CVE-2021-32265,0,1,0,0,0,0
1980,CVE-2018-10790,0,1,0,0,0,0
1981,CVE-2020-23334,0,1,0,0,0,0
1982,CVE-2020-23333,0,1,0,0,0,0
1983,CVE-2020-23331,0,1,0,0,0,0
1984,CVE-2020-23332,0,1,0,0,0,0
1985,CVE-2020-23330,0,1,0,0,0,0
1986,CVE-2020-21066,0,1,0,0,0,0
1987,CVE-2021-35307,0,1,0,0,0,0
1988,CVE-2021-35306,0,1,0,0,0,0
1989,CVE-2020-19722,0,1,0,0,0,0
1990,CVE-2020-19717,0,1,0,0,0,0
1991,CVE-2020-19718,0,1,0,0,0,0
1992,CVE-2020-19719,0,1,0,0,0,0
1993,CVE-2020-19720,0,1,0,0,0,0
1994,CVE-2020-19721,0,1,0,0,0,0
1995,CVE-2020-23912,0,1,0,0,0,0
1996,CVE-2019-13238,0,1,0,0,0,0
1997,CVE-2019-15048,0,1,0,0,0,0
1998,CVE-2019-17528,0,1,0,0,0,0
1999,CVE-2019-6132,0,1,0,0,0,0
2000,CVE-2019-6966,0,1,0,0,0,0
2001,CVE-2019-7697,0,1,0,0,0,0
2002,CVE-2019-7698,0,1,0,0,0,0
2003,CVE-2019-7699,0,1,0,0,0,0
2004,CVE-2019-20090,0,1,0,0,0,0
2005,CVE-2019-20091,0,1,0,0,0,0
2006,CVE-2019-20092,0,1,0,0,0,0
2007,CVE-2019-17529,0,1,0,0,0,0
2008,CVE-2019-17530,0,1,0,0,0,0
2009,CVE-2019-17452,0,1,0,0,0,0
2010,CVE-2019-17454,0,1,0,0,0,0
2011,CVE-2019-17453,0,1,0,0,0,0
2012,CVE-2017-14639,1,1,0,0,0,0
2013,CVE-2017-14643,1,1,0,0,0,0
2014,CVE-2017-14646,1,1,0,0,0,0
2015,CVE-2018-13846,0,1,0,0,0,0
2016,CVE-2018-14445,0,1,0,0,0,0
2017,CVE-2018-14532,0,1,0,0,0,0
2018,CVE-2018-14584,0,1,0,0,0,0
2019,CVE-2018-14585,0,1,0,0,0,0
2020,CVE-2018-14587,0,1,0,0,0,0
2021,CVE-2018-14588,0,1,0,0,0,0
2022,CVE-2018-14589,0,1,0,0,0,0
2023,CVE-2018-20095,0,1,0,0,0,0
2024,CVE-2018-20407,0,1,0,0,0,0
2025,CVE-2018-20408,0,1,0,0,0,0
2026,CVE-2018-20409,0,1,0,0,0,0
2027,CVE-2018-20659,0,1,0,0,0,0
2028,CVE-2018-5253,0,1,0,0,0,0
2029,CVE-2019-16349,0,1,0,0,0,0
2030,CVE-2019-15050,0,1,0,0,0,0
2031,CVE-2019-15047,0,1,0,0,0,0
2032,CVE-2019-15049,0,1,0,0,0,0
2033,CVE-2019-13959,0,1,0,0,0,0
2034,CVE-2019-9544,0,1,0,0,0,0
2035,CVE-2019-8378,0,1,0,0,0,0
2036,CVE-2019-8382,0,1,0,0,0,0
2037,CVE-2019-8380,0,1,0,0,0,0
2038,CVE-2018-20186,0,1,0,0,0,0
2039,CVE-2018-20502,0,1,0,0,0,0
2040,CVE-2018-14531,0,1,0,0,0,0
2041,CVE-2018-14545,0,1,0,0,0,0
2042,CVE-2018-14544,0,1,0,0,0,0
2043,CVE-2018-14543,0,1,0,0,0,0
2044,CVE-2017-12475,1,0,0,0,0,0
2045,CVE-2017-14260,0,1,0,0,0,0
2046,CVE-2018-14586,0,1,0,0,0,0
2047,CVE-2018-14590,0,1,0,0,0,0
2048,CVE-2018-13848,0,1,0,0,0,0
2049,CVE-2018-13847,0,1,0,0,0,0
2050,CVE-2017-14642,1,1,0,0,0,0
2051,CVE-2017-14641,1,1,0,0,0,0
2052,CVE-2017-14640,1,1,0,0,0,0
2053,CVE-2017-14638,1,1,0,0,0,0
2054,CVE-2017-14261,0,1,0,0,0,0
2055,CVE-2017-14257,0,1,0,0,0,0
2056,CVE-2017-14259,0,1,0,0,0,0
2057,CVE-2017-14258,0,1,0,0,0,0
2058,CVE-2017-12474,1,0,0,0,0,0
2059,CVE-2017-12476,1,0,0,0,0,0
2060,CVE-2020-7712,0,1,0,0,1,0
2061,CVE-2020-26300,1,0,0,1,0,0
2062,CVE-2020-7752,1,0,0,0,0,0
2063,CVE-2020-26274,1,0,0,1,0,0
2064,CVE-2020-26245,1,0,0,1,0,0
2065,CVE-2020-7778,1,0,0,0,0,0
2066,CVE-2022-25413,0,1,0,0,0,0
2067,CVE-2022-25412,0,1,0,0,0,0
2068,CVE-2022-25411,0,1,0,0,0,0
2069,CVE-2022-25410,0,1,0,0,0,0
2070,CVE-2021-27983,0,1,0,0,0,0
2071,CVE-2021-35265,1,1,0,0,0,0
2072,CVE-2020-35149,1,0,0,0,0,0
2073,CVE-2020-25453,0,1,0,0,0,0
2074,CVE-2020-25878,0,1,0,0,0,0
2075,CVE-2020-25877,0,1,0,0,0,0
2076,CVE-2021-27237,1,0,0,0,0,0
2077,CVE-2018-10821,1,1,0,0,0,0
2078,CVE-2017-9609,0,1,0,0,0,0
2079,CVE-2019-17426,1,1,0,0,0,0
2080,CVE-2021-23574,0,1,0,0,0,0
2081,CVE-2018-6342,0,0,1,0,1,0
2082,CVE-2021-32831,1,0,0,0,0,0
2083,CVE-2020-28494,1,0,0,0,0,0
2084,CVE-2021-23390,1,0,0,0,0,0
2085,CVE-2021-23389,1,0,0,0,0,0
2086,CVE-2021-23344,1,0,0,0,0,0
2087,CVE-2020-28495,1,0,0,0,0,0
2088,CVE-2019-8903,1,0,0,0,0,0
2089,CVE-2021-24040,0,0,1,1,0,0
2090,CVE-2021-39207,1,0,0,1,0,0
2091,CVE-2021-21412,1,0,0,1,0,0
2092,CVE-2021-46322,0,1,0,0,0,0
2093,CVE-2021-43734,0,1,0,0,0,0
2094,CVE-2021-25941,1,0,0,0,0,0
2095,CVE-2020-7734,0,0,0,0,1,0
2096,CVE-2020-28460,1,0,0,0,0,0
2097,CVE-2021-23558,1,0,0,0,0,0
2098,CVE-2020-7770,1,0,0,0,0,0
2099,CVE-2021-26541,0,0,0,0,1,0
2100,CVE-2021-23392,1,0,0,0,1,0
